,sentence_good,sentence_bad,one_prefix_prefix,one_prefix_word_good,one_prefix_word_bad,field,linguistics_term,UID,simple_LM_method,one_prefix_method,two_prefix_method,lexically_identical,pairID,target,target_phrase
0,Susan revealed herself.,Susan revealed themselves.,Susan revealed,herself,themselves,morphology,anaphor_agreement,anaphor_number_agreement,True,True,False,True,0,NA,NA
1,Renee hasn't hurt herself.,Renee hasn't hurt themselves.,Renee hasn't hurt,herself,themselves,morphology,anaphor_agreement,anaphor_number_agreement,True,True,False,True,1,NA,NA
2,These patients do respect themselves.,These patients do respect himself.,These patients do respect,themselves,himself,morphology,anaphor_agreement,anaphor_number_agreement,True,True,False,True,2,NA,NA
3,Mary should criticize herself.,Mary should criticize themselves.,Mary should criticize,herself,themselves,morphology,anaphor_agreement,anaphor_number_agreement,True,True,False,True,3,NA,NA
4,Kristin irritated herself.,Kristin irritated themselves.,Kristin irritated,herself,themselves,morphology,anaphor_agreement,anaphor_number_agreement,True,True,False,True,4,NA,NA
5,Tracy described herself.,Tracy described themselves.,Tracy described,herself,themselves,morphology,anaphor_agreement,anaphor_number_agreement,True,True,False,True,5,NA,NA
6,A lot of girls had bothered themselves.,A lot of girls had bothered himself.,A lot of girls had bothered,themselves,himself,morphology,anaphor_agreement,anaphor_number_agreement,True,True,False,True,6,NA,NA
7,Many teenagers were helping themselves.,Many teenagers were helping herself.,Many teenagers were helping,themselves,herself,morphology,anaphor_agreement,anaphor_number_agreement,True,True,False,True,7,NA,NA
8,Girls talked to themselves.,Girls talked to itself.,Girls talked to,themselves,itself,morphology,anaphor_agreement,anaphor_number_agreement,True,True,False,True,8,NA,NA
9,All senators listened to themselves.,All senators listened to itself.,All senators listened to,themselves,itself,morphology,anaphor_agreement,anaphor_number_agreement,True,True,False,True,9,NA,NA
10,Laura hired herself.,Laura hired themselves.,Laura hired,herself,themselves,morphology,anaphor_agreement,anaphor_number_agreement,True,True,False,True,10,NA,NA
11,Claire won't conceal herself.,Claire won't conceal themselves.,Claire won't conceal,herself,themselves,morphology,anaphor_agreement,anaphor_number_agreement,True,True,False,True,11,NA,NA
12,Becca shouldn't impress herself.,Becca shouldn't impress themselves.,Becca shouldn't impress,herself,themselves,morphology,anaphor_agreement,anaphor_number_agreement,True,True,False,True,12,NA,NA
13,This woman has criticized herself.,This woman has criticized themselves.,This woman has criticized,herself,themselves,morphology,anaphor_agreement,anaphor_number_agreement,True,True,False,True,13,NA,NA
14,Sonia would cure herself.,Sonia would cure themselves.,Sonia would cure,herself,themselves,morphology,anaphor_agreement,anaphor_number_agreement,True,True,False,True,14,NA,NA
15,Most girls hate themselves.,Most girls hate himself.,Most girls hate,themselves,himself,morphology,anaphor_agreement,anaphor_number_agreement,True,True,False,True,15,NA,NA
16,This legislature worried itself.,This legislature worried themselves.,This legislature worried,itself,themselves,morphology,anaphor_agreement,anaphor_number_agreement,True,True,False,True,16,NA,NA
17,Florence had left herself.,Florence had left themselves.,Florence had left,herself,themselves,morphology,anaphor_agreement,anaphor_number_agreement,True,True,False,True,17,NA,NA
18,The Borgias scare themselves.,The Borgias scare himself.,The Borgias scare,themselves,himself,morphology,anaphor_agreement,anaphor_number_agreement,True,True,False,True,18,NA,NA
19,The adults hadn't forgotten themselves.,The adults hadn't forgotten himself.,The adults hadn't forgotten,themselves,himself,morphology,anaphor_agreement,anaphor_number_agreement,True,True,False,True,19,NA,NA
20,The patients disgusted themselves.,The patients disgusted himself.,The patients disgusted,themselves,himself,morphology,anaphor_agreement,anaphor_number_agreement,True,True,False,True,20,NA,NA
21,Thomas complained about himself.,Thomas complained about themselves.,Thomas complained about,himself,themselves,morphology,anaphor_agreement,anaphor_number_agreement,True,True,False,True,21,NA,NA
22,Randolf knew himself.,Randolf knew themselves.,Randolf knew,himself,themselves,morphology,anaphor_agreement,anaphor_number_agreement,True,True,False,True,22,NA,NA
23,The students shouldn't upset themselves.,The students shouldn't upset herself.,The students shouldn't upset,themselves,herself,morphology,anaphor_agreement,anaphor_number_agreement,True,True,False,True,23,NA,NA
24,All waiters couldn't criticize themselves.,All waiters couldn't criticize himself.,All waiters couldn't criticize,themselves,himself,morphology,anaphor_agreement,anaphor_number_agreement,True,True,False,True,24,NA,NA
25,Ronald can't reference himself.,Ronald can't reference themselves.,Ronald can't reference,himself,themselves,morphology,anaphor_agreement,anaphor_number_agreement,True,True,False,True,25,NA,NA
26,Julie hadn't revealed herself.,Julie hadn't revealed themselves.,Julie hadn't revealed,herself,themselves,morphology,anaphor_agreement,anaphor_number_agreement,True,True,False,True,26,NA,NA
27,Many people bothered themselves.,Many people bothered itself.,Many people bothered,themselves,itself,morphology,anaphor_agreement,anaphor_number_agreement,True,True,False,True,27,NA,NA
28,Most girls annoyed themselves.,Most girls annoyed himself.,Most girls annoyed,themselves,himself,morphology,anaphor_agreement,anaphor_number_agreement,True,True,False,True,28,NA,NA
29,Most ladies weren't arguing about themselves.,Most ladies weren't arguing about herself.,Most ladies weren't arguing about,themselves,herself,morphology,anaphor_agreement,anaphor_number_agreement,True,True,False,True,29,NA,NA
30,The waitresses investigated themselves.,The waitresses investigated itself.,The waitresses investigated,themselves,itself,morphology,anaphor_agreement,anaphor_number_agreement,True,True,False,True,30,NA,NA
31,Peter won't fire himself.,Peter won't fire themselves.,Peter won't fire,himself,themselves,morphology,anaphor_agreement,anaphor_number_agreement,True,True,False,True,31,NA,NA
32,Those waitresses had loved themselves.,Those waitresses had loved herself.,Those waitresses had loved,themselves,herself,morphology,anaphor_agreement,anaphor_number_agreement,True,True,False,True,32,NA,NA
33,Cheryl isn't insulting herself.,Cheryl isn't insulting themselves.,Cheryl isn't insulting,herself,themselves,morphology,anaphor_agreement,anaphor_number_agreement,True,True,False,True,33,NA,NA
34,Joseph isn't revealing himself.,Joseph isn't revealing themselves.,Joseph isn't revealing,himself,themselves,morphology,anaphor_agreement,anaphor_number_agreement,True,True,False,True,34,NA,NA
35,Most universities aren't scaring themselves.,Most universities aren't scaring herself.,Most universities aren't scaring,themselves,herself,morphology,anaphor_agreement,anaphor_number_agreement,True,True,False,True,35,NA,NA
36,Natalie hadn't fired herself.,Natalie hadn't fired themselves.,Natalie hadn't fired,herself,themselves,morphology,anaphor_agreement,anaphor_number_agreement,True,True,False,True,36,NA,NA
37,Donald had worked with himself.,Donald had worked with themselves.,Donald had worked with,himself,themselves,morphology,anaphor_agreement,anaphor_number_agreement,True,True,False,True,37,NA,NA
38,Kirsten hasn't admired herself.,Kirsten hasn't admired themselves.,Kirsten hasn't admired,herself,themselves,morphology,anaphor_agreement,anaphor_number_agreement,True,True,False,True,38,NA,NA
39,Patricia hadn't hated herself.,Patricia hadn't hated themselves.,Patricia hadn't hated,herself,themselves,morphology,anaphor_agreement,anaphor_number_agreement,True,True,False,True,39,NA,NA
40,Most reports disagreed with themselves.,Most reports disagreed with herself.,Most reports disagreed with,themselves,herself,morphology,anaphor_agreement,anaphor_number_agreement,True,True,False,True,40,NA,NA
41,Dawn could worry herself.,Dawn could worry themselves.,Dawn could worry,herself,themselves,morphology,anaphor_agreement,anaphor_number_agreement,True,True,False,True,41,NA,NA
42,Randolf might approach himself.,Randolf might approach themselves.,Randolf might approach,himself,themselves,morphology,anaphor_agreement,anaphor_number_agreement,True,True,False,True,42,NA,NA
43,Stacy didn't remember herself.,Stacy didn't remember themselves.,Stacy didn't remember,herself,themselves,morphology,anaphor_agreement,anaphor_number_agreement,True,True,False,True,43,NA,NA
44,Richard returned to himself.,Richard returned to themselves.,Richard returned to,himself,themselves,morphology,anaphor_agreement,anaphor_number_agreement,True,True,False,True,44,NA,NA
45,All boys listen to themselves.,All boys listen to herself.,All boys listen to,themselves,herself,morphology,anaphor_agreement,anaphor_number_agreement,True,True,False,True,45,NA,NA
46,Bruce hadn't discovered himself.,Bruce hadn't discovered themselves.,Bruce hadn't discovered,himself,themselves,morphology,anaphor_agreement,anaphor_number_agreement,True,True,False,True,46,NA,NA
47,Many teenagers hadn't found themselves.,Many teenagers hadn't found itself.,Many teenagers hadn't found,themselves,itself,morphology,anaphor_agreement,anaphor_number_agreement,True,True,False,True,47,NA,NA
48,Daniel does hate himself.,Daniel does hate themselves.,Daniel does hate,himself,themselves,morphology,anaphor_agreement,anaphor_number_agreement,True,True,False,True,48,NA,NA
49,Most adults have discovered themselves.,Most adults have discovered itself.,Most adults have discovered,themselves,itself,morphology,anaphor_agreement,anaphor_number_agreement,True,True,False,True,49,NA,NA
50,Some men could notice themselves.,Some men could notice himself.,Some men could notice,themselves,himself,morphology,anaphor_agreement,anaphor_number_agreement,True,True,False,True,50,NA,NA
51,These museums should insult themselves.,These museums should insult itself.,These museums should insult,themselves,itself,morphology,anaphor_agreement,anaphor_number_agreement,True,True,False,True,51,NA,NA
52,All actresses flee from themselves.,All actresses flee from herself.,All actresses flee from,themselves,herself,morphology,anaphor_agreement,anaphor_number_agreement,True,True,False,True,52,NA,NA
53,Carol couldn't criticize herself.,Carol couldn't criticize themselves.,Carol couldn't criticize,herself,themselves,morphology,anaphor_agreement,anaphor_number_agreement,True,True,False,True,53,NA,NA
54,All girls haven't discussed themselves.,All girls haven't discussed himself.,All girls haven't discussed,themselves,himself,morphology,anaphor_agreement,anaphor_number_agreement,True,True,False,True,54,NA,NA
55,All senators complained about themselves.,All senators complained about himself.,All senators complained about,themselves,himself,morphology,anaphor_agreement,anaphor_number_agreement,True,True,False,True,55,NA,NA
56,Some actors shock themselves.,Some actors shock herself.,Some actors shock,themselves,herself,morphology,anaphor_agreement,anaphor_number_agreement,True,True,False,True,56,NA,NA
57,Jane aggravated herself.,Jane aggravated themselves.,Jane aggravated,herself,themselves,morphology,anaphor_agreement,anaphor_number_agreement,True,True,False,True,57,NA,NA
58,Becca praised herself.,Becca praised themselves.,Becca praised,herself,themselves,morphology,anaphor_agreement,anaphor_number_agreement,True,True,False,True,58,NA,NA
59,Those students don't confuse themselves.,Those students don't confuse himself.,Those students don't confuse,themselves,himself,morphology,anaphor_agreement,anaphor_number_agreement,True,True,False,True,59,NA,NA
60,Jodi left herself.,Jodi left themselves.,Jodi left,herself,themselves,morphology,anaphor_agreement,anaphor_number_agreement,True,True,False,True,60,NA,NA
61,The students have thought about themselves.,The students have thought about itself.,The students have thought about,themselves,itself,morphology,anaphor_agreement,anaphor_number_agreement,True,True,False,True,61,NA,NA
62,A lot of customers weren't returning to themselves.,A lot of customers weren't returning to herself.,A lot of customers weren't returning to,themselves,herself,morphology,anaphor_agreement,anaphor_number_agreement,True,True,False,True,62,NA,NA
63,Those customers praise themselves.,Those customers praise herself.,Those customers praise,themselves,herself,morphology,anaphor_agreement,anaphor_number_agreement,True,True,False,True,63,NA,NA
64,David stunned himself.,David stunned themselves.,David stunned,himself,themselves,morphology,anaphor_agreement,anaphor_number_agreement,True,True,False,True,64,NA,NA
65,Beverly disturbed herself.,Beverly disturbed themselves.,Beverly disturbed,herself,themselves,morphology,anaphor_agreement,anaphor_number_agreement,True,True,False,True,65,NA,NA
66,Thomas was hurting himself.,Thomas was hurting themselves.,Thomas was hurting,himself,themselves,morphology,anaphor_agreement,anaphor_number_agreement,True,True,False,True,66,NA,NA
67,Lori attacked herself.,Lori attacked themselves.,Lori attacked,herself,themselves,morphology,anaphor_agreement,anaphor_number_agreement,True,True,False,True,67,NA,NA
68,Joel escaped from himself.,Joel escaped from themselves.,Joel escaped from,himself,themselves,morphology,anaphor_agreement,anaphor_number_agreement,True,True,False,True,68,NA,NA
69,The woman had worried herself.,The woman had worried themselves.,The woman had worried,herself,themselves,morphology,anaphor_agreement,anaphor_number_agreement,True,True,False,True,69,NA,NA
70,Kayla scared herself.,Kayla scared themselves.,Kayla scared,herself,themselves,morphology,anaphor_agreement,anaphor_number_agreement,True,True,False,True,70,NA,NA
71,Samuel didn't kiss himself.,Samuel didn't kiss themselves.,Samuel didn't kiss,himself,themselves,morphology,anaphor_agreement,anaphor_number_agreement,True,True,False,True,71,NA,NA
72,This government alarms itself.,This government alarms themselves.,This government alarms,itself,themselves,morphology,anaphor_agreement,anaphor_number_agreement,True,True,False,True,72,NA,NA
73,Kristin left herself.,Kristin left themselves.,Kristin left,herself,themselves,morphology,anaphor_agreement,anaphor_number_agreement,True,True,False,True,73,NA,NA
74,An association annoys itself.,An association annoys themselves.,An association annoys,itself,themselves,morphology,anaphor_agreement,anaphor_number_agreement,True,True,False,True,74,NA,NA
75,Many actors thought about themselves.,Many actors thought about itself.,Many actors thought about,themselves,itself,morphology,anaphor_agreement,anaphor_number_agreement,True,True,False,True,75,NA,NA
76,Teresa has scared herself.,Teresa has scared themselves.,Teresa has scared,herself,themselves,morphology,anaphor_agreement,anaphor_number_agreement,True,True,False,True,76,NA,NA
77,Russell hadn't complained about himself.,Russell hadn't complained about themselves.,Russell hadn't complained about,himself,themselves,morphology,anaphor_agreement,anaphor_number_agreement,True,True,False,True,77,NA,NA
78,All cashiers liked themselves.,All cashiers liked itself.,All cashiers liked,themselves,itself,morphology,anaphor_agreement,anaphor_number_agreement,True,True,False,True,78,NA,NA
79,Kendra doesn't shock herself.,Kendra doesn't shock themselves.,Kendra doesn't shock,herself,themselves,morphology,anaphor_agreement,anaphor_number_agreement,True,True,False,True,79,NA,NA
80,Jason hasn't stunned himself.,Jason hasn't stunned themselves.,Jason hasn't stunned,himself,themselves,morphology,anaphor_agreement,anaphor_number_agreement,True,True,False,True,80,NA,NA
81,Children did conceal themselves.,Children did conceal itself.,Children did conceal,themselves,itself,morphology,anaphor_agreement,anaphor_number_agreement,True,True,False,True,81,NA,NA
82,Cheryl did worry herself.,Cheryl did worry themselves.,Cheryl did worry,herself,themselves,morphology,anaphor_agreement,anaphor_number_agreement,True,True,False,True,82,NA,NA
83,Colleen can't impress herself.,Colleen can't impress themselves.,Colleen can't impress,herself,themselves,morphology,anaphor_agreement,anaphor_number_agreement,True,True,False,True,83,NA,NA
84,Kendra wasn't thinking about herself.,Kendra wasn't thinking about themselves.,Kendra wasn't thinking about,herself,themselves,morphology,anaphor_agreement,anaphor_number_agreement,True,True,False,True,84,NA,NA
85,The guests respect themselves.,The guests respect herself.,The guests respect,themselves,herself,morphology,anaphor_agreement,anaphor_number_agreement,True,True,False,True,85,NA,NA
86,Kenneth was confusing himself.,Kenneth was confusing themselves.,Kenneth was confusing,himself,themselves,morphology,anaphor_agreement,anaphor_number_agreement,True,True,False,True,86,NA,NA
87,Some children flee from themselves.,Some children flee from itself.,Some children flee from,themselves,itself,morphology,anaphor_agreement,anaphor_number_agreement,True,True,False,True,87,NA,NA
88,This organization hadn't aggravated itself.,This organization hadn't aggravated themselves.,This organization hadn't aggravated,itself,themselves,morphology,anaphor_agreement,anaphor_number_agreement,True,True,False,True,88,NA,NA
89,Michael can't disturb himself.,Michael can't disturb themselves.,Michael can't disturb,himself,themselves,morphology,anaphor_agreement,anaphor_number_agreement,True,True,False,True,89,NA,NA
90,Many universities disgust themselves.,Many universities disgust herself.,Many universities disgust,themselves,herself,morphology,anaphor_agreement,anaphor_number_agreement,True,True,False,True,90,NA,NA
91,Some museums annoy themselves.,Some museums annoy herself.,Some museums annoy,themselves,herself,morphology,anaphor_agreement,anaphor_number_agreement,True,True,False,True,91,NA,NA
92,All waiters cured themselves.,All waiters cured himself.,All waiters cured,themselves,himself,morphology,anaphor_agreement,anaphor_number_agreement,True,True,False,True,92,NA,NA
93,The teenagers shouldn't bore themselves.,The teenagers shouldn't bore himself.,The teenagers shouldn't bore,themselves,himself,morphology,anaphor_agreement,anaphor_number_agreement,True,True,False,True,93,NA,NA
94,All cashiers hurt themselves.,All cashiers hurt himself.,All cashiers hurt,themselves,himself,morphology,anaphor_agreement,anaphor_number_agreement,True,True,False,True,94,NA,NA
95,The Clintons admired themselves.,The Clintons admired himself.,The Clintons admired,themselves,himself,morphology,anaphor_agreement,anaphor_number_agreement,True,True,False,True,95,NA,NA
96,Cynthia wasn't escaping from herself.,Cynthia wasn't escaping from themselves.,Cynthia wasn't escaping from,herself,themselves,morphology,anaphor_agreement,anaphor_number_agreement,True,True,False,True,96,NA,NA
97,Many banks haven't aggravated themselves.,Many banks haven't aggravated herself.,Many banks haven't aggravated,themselves,herself,morphology,anaphor_agreement,anaphor_number_agreement,True,True,False,True,97,NA,NA
98,All organizations have confused themselves.,All organizations have confused herself.,All organizations have confused,themselves,herself,morphology,anaphor_agreement,anaphor_number_agreement,True,True,False,True,98,NA,NA
99,Steven talked about himself.,Steven talked about themselves.,Steven talked about,himself,themselves,morphology,anaphor_agreement,anaphor_number_agreement,True,True,False,True,99,NA,NA
100,Most men fled from themselves.,Most men fled from itself.,Most men fled from,themselves,itself,morphology,anaphor_agreement,anaphor_number_agreement,True,True,False,True,100,NA,NA
101,Patrick had cared for himself.,Patrick had cared for themselves.,Patrick had cared for,himself,themselves,morphology,anaphor_agreement,anaphor_number_agreement,True,True,False,True,101,NA,NA
102,James can kiss himself.,James can kiss themselves.,James can kiss,himself,themselves,morphology,anaphor_agreement,anaphor_number_agreement,True,True,False,True,102,NA,NA
103,Most dancers shouldn't reveal themselves.,Most dancers shouldn't reveal herself.,Most dancers shouldn't reveal,themselves,herself,morphology,anaphor_agreement,anaphor_number_agreement,True,True,False,True,103,NA,NA
104,All waitresses conceal themselves.,All waitresses conceal herself.,All waitresses conceal,themselves,herself,morphology,anaphor_agreement,anaphor_number_agreement,True,True,False,True,104,NA,NA
105,Some girls weren't complaining about themselves.,Some girls weren't complaining about itself.,Some girls weren't complaining about,themselves,itself,morphology,anaphor_agreement,anaphor_number_agreement,True,True,False,True,105,NA,NA
106,Andrew hugged himself.,Andrew hugged themselves.,Andrew hugged,himself,themselves,morphology,anaphor_agreement,anaphor_number_agreement,True,True,False,True,106,NA,NA
107,These guys are aggravating themselves.,These guys are aggravating himself.,These guys are aggravating,themselves,himself,morphology,anaphor_agreement,anaphor_number_agreement,True,True,False,True,107,NA,NA
108,Those teachers are praising themselves.,Those teachers are praising herself.,Those teachers are praising,themselves,herself,morphology,anaphor_agreement,anaphor_number_agreement,True,True,False,True,108,NA,NA
109,A lot of actresses visit themselves.,A lot of actresses visit herself.,A lot of actresses visit,themselves,herself,morphology,anaphor_agreement,anaphor_number_agreement,True,True,False,True,109,NA,NA
110,Carlos attacked himself.,Carlos attacked themselves.,Carlos attacked,himself,themselves,morphology,anaphor_agreement,anaphor_number_agreement,True,True,False,True,110,NA,NA
111,Marla might visit herself.,Marla might visit themselves.,Marla might visit,herself,themselves,morphology,anaphor_agreement,anaphor_number_agreement,True,True,False,True,111,NA,NA
112,The guests know themselves.,The guests know itself.,The guests know,themselves,itself,morphology,anaphor_agreement,anaphor_number_agreement,True,True,False,True,112,NA,NA
113,Most men hadn't embarrassed themselves.,Most men hadn't embarrassed itself.,Most men hadn't embarrassed,themselves,itself,morphology,anaphor_agreement,anaphor_number_agreement,True,True,False,True,113,NA,NA
114,Jane hasn't escaped from herself.,Jane hasn't escaped from themselves.,Jane hasn't escaped from,herself,themselves,morphology,anaphor_agreement,anaphor_number_agreement,True,True,False,True,114,NA,NA
115,All boys are shocking themselves.,All boys are shocking herself.,All boys are shocking,themselves,herself,morphology,anaphor_agreement,anaphor_number_agreement,True,True,False,True,115,NA,NA
116,Craig hasn't insulted himself.,Craig hasn't insulted themselves.,Craig hasn't insulted,himself,themselves,morphology,anaphor_agreement,anaphor_number_agreement,True,True,False,True,116,NA,NA
117,A lot of ladies impressed themselves.,A lot of ladies impressed itself.,A lot of ladies impressed,themselves,itself,morphology,anaphor_agreement,anaphor_number_agreement,True,True,False,True,117,NA,NA
118,Some school distracts itself.,Some school distracts themselves.,Some school distracts,itself,themselves,morphology,anaphor_agreement,anaphor_number_agreement,True,True,False,True,118,NA,NA
119,All girls scared themselves.,All girls scared himself.,All girls scared,themselves,himself,morphology,anaphor_agreement,anaphor_number_agreement,True,True,False,True,119,NA,NA
120,Homer had worried himself.,Homer had worried themselves.,Homer had worried,himself,themselves,morphology,anaphor_agreement,anaphor_number_agreement,True,True,False,True,120,NA,NA
121,All men had concealed themselves.,All men had concealed herself.,All men had concealed,themselves,herself,morphology,anaphor_agreement,anaphor_number_agreement,True,True,False,True,121,NA,NA
122,These pedestrians upset themselves.,These pedestrians upset itself.,These pedestrians upset,themselves,itself,morphology,anaphor_agreement,anaphor_number_agreement,True,True,False,True,122,NA,NA
123,These companies wouldn't aggravate themselves.,These companies wouldn't aggravate itself.,These companies wouldn't aggravate,themselves,itself,morphology,anaphor_agreement,anaphor_number_agreement,True,True,False,True,123,NA,NA
124,Many people hired themselves.,Many people hired herself.,Many people hired,themselves,herself,morphology,anaphor_agreement,anaphor_number_agreement,True,True,False,True,124,NA,NA
125,The man won't hate himself.,The man won't hate themselves.,The man won't hate,himself,themselves,morphology,anaphor_agreement,anaphor_number_agreement,True,True,False,True,125,NA,NA
126,Guy is questioning himself.,Guy is questioning themselves.,Guy is questioning,himself,themselves,morphology,anaphor_agreement,anaphor_number_agreement,True,True,False,True,126,NA,NA
127,These doctors help themselves.,These doctors help herself.,These doctors help,themselves,herself,morphology,anaphor_agreement,anaphor_number_agreement,True,True,False,True,127,NA,NA
128,The teachers are talking to themselves.,The teachers are talking to itself.,The teachers are talking to,themselves,itself,morphology,anaphor_agreement,anaphor_number_agreement,True,True,False,True,128,NA,NA
129,Alicia admired herself.,Alicia admired themselves.,Alicia admired,herself,themselves,morphology,anaphor_agreement,anaphor_number_agreement,True,True,False,True,129,NA,NA
130,Edward worked with himself.,Edward worked with themselves.,Edward worked with,himself,themselves,morphology,anaphor_agreement,anaphor_number_agreement,True,True,False,True,130,NA,NA
131,The men couldn't disagree with themselves.,The men couldn't disagree with herself.,The men couldn't disagree with,themselves,herself,morphology,anaphor_agreement,anaphor_number_agreement,True,True,False,True,131,NA,NA
132,The dancers flee from themselves.,The dancers flee from himself.,The dancers flee from,themselves,himself,morphology,anaphor_agreement,anaphor_number_agreement,True,True,False,True,132,NA,NA
133,Valerie hasn't thought about herself.,Valerie hasn't thought about themselves.,Valerie hasn't thought about,herself,themselves,morphology,anaphor_agreement,anaphor_number_agreement,True,True,False,True,133,NA,NA
134,The universities are astounding themselves.,The universities are astounding himself.,The universities are astounding,themselves,himself,morphology,anaphor_agreement,anaphor_number_agreement,True,True,False,True,134,NA,NA
135,These cashiers had concealed themselves.,These cashiers had concealed himself.,These cashiers had concealed,themselves,himself,morphology,anaphor_agreement,anaphor_number_agreement,True,True,False,True,135,NA,NA
136,Michelle was embarrassing herself.,Michelle was embarrassing themselves.,Michelle was embarrassing,herself,themselves,morphology,anaphor_agreement,anaphor_number_agreement,True,True,False,True,136,NA,NA
137,Omar is concealing himself.,Omar is concealing themselves.,Omar is concealing,himself,themselves,morphology,anaphor_agreement,anaphor_number_agreement,True,True,False,True,137,NA,NA
138,Most teachers hurt themselves.,Most teachers hurt herself.,Most teachers hurt,themselves,herself,morphology,anaphor_agreement,anaphor_number_agreement,True,True,False,True,138,NA,NA
139,Roger shouldn't conceal himself.,Roger shouldn't conceal themselves.,Roger shouldn't conceal,himself,themselves,morphology,anaphor_agreement,anaphor_number_agreement,True,True,False,True,139,NA,NA
140,Alicia hasn't embarrassed herself.,Alicia hasn't embarrassed themselves.,Alicia hasn't embarrassed,herself,themselves,morphology,anaphor_agreement,anaphor_number_agreement,True,True,False,True,140,NA,NA
141,James is visiting himself.,James is visiting themselves.,James is visiting,himself,themselves,morphology,anaphor_agreement,anaphor_number_agreement,True,True,False,True,141,NA,NA
142,The patients shocked themselves.,The patients shocked itself.,The patients shocked,themselves,itself,morphology,anaphor_agreement,anaphor_number_agreement,True,True,False,True,142,NA,NA
143,Many girls escaped from themselves.,Many girls escaped from herself.,Many girls escaped from,themselves,herself,morphology,anaphor_agreement,anaphor_number_agreement,True,True,False,True,143,NA,NA
144,Amelia visited herself.,Amelia visited themselves.,Amelia visited,herself,themselves,morphology,anaphor_agreement,anaphor_number_agreement,True,True,False,True,144,NA,NA
145,Most committees were irritating themselves.,Most committees were irritating herself.,Most committees were irritating,themselves,herself,morphology,anaphor_agreement,anaphor_number_agreement,True,True,False,True,145,NA,NA
146,These girls kissed themselves.,These girls kissed herself.,These girls kissed,themselves,herself,morphology,anaphor_agreement,anaphor_number_agreement,True,True,False,True,146,NA,NA
147,The dancers hug themselves.,The dancers hug herself.,The dancers hug,themselves,herself,morphology,anaphor_agreement,anaphor_number_agreement,True,True,False,True,147,NA,NA
148,Keith hadn't upset himself.,Keith hadn't upset themselves.,Keith hadn't upset,himself,themselves,morphology,anaphor_agreement,anaphor_number_agreement,True,True,False,True,148,NA,NA
149,These senators scared themselves.,These senators scared herself.,These senators scared,themselves,herself,morphology,anaphor_agreement,anaphor_number_agreement,True,True,False,True,149,NA,NA
150,Janice approached herself.,Janice approached themselves.,Janice approached,herself,themselves,morphology,anaphor_agreement,anaphor_number_agreement,True,True,False,True,150,NA,NA
151,All customers hide themselves.,All customers hide itself.,All customers hide,themselves,itself,morphology,anaphor_agreement,anaphor_number_agreement,True,True,False,True,151,NA,NA
152,Cynthia was appreciating herself.,Cynthia was appreciating themselves.,Cynthia was appreciating,herself,themselves,morphology,anaphor_agreement,anaphor_number_agreement,True,True,False,True,152,NA,NA
153,Lissa thought about herself.,Lissa thought about themselves.,Lissa thought about,herself,themselves,morphology,anaphor_agreement,anaphor_number_agreement,True,True,False,True,153,NA,NA
154,The bank shocks itself.,The bank shocks themselves.,The bank shocks,itself,themselves,morphology,anaphor_agreement,anaphor_number_agreement,True,True,False,True,154,NA,NA
155,Bruce has alarmed himself.,Bruce has alarmed themselves.,Bruce has alarmed,himself,themselves,morphology,anaphor_agreement,anaphor_number_agreement,True,True,False,True,155,NA,NA
156,Helen shouldn't conceal herself.,Helen shouldn't conceal themselves.,Helen shouldn't conceal,herself,themselves,morphology,anaphor_agreement,anaphor_number_agreement,True,True,False,True,156,NA,NA
157,A lot of students won't fire themselves.,A lot of students won't fire herself.,A lot of students won't fire,themselves,herself,morphology,anaphor_agreement,anaphor_number_agreement,True,True,False,True,157,NA,NA
158,Waitresses aren't upsetting themselves.,Waitresses aren't upsetting himself.,Waitresses aren't upsetting,themselves,himself,morphology,anaphor_agreement,anaphor_number_agreement,True,True,False,True,158,NA,NA
159,The Lutherans can help themselves.,The Lutherans can help herself.,The Lutherans can help,themselves,herself,morphology,anaphor_agreement,anaphor_number_agreement,True,True,False,True,159,NA,NA
160,Most women haven't hidden themselves.,Most women haven't hidden itself.,Most women haven't hidden,themselves,itself,morphology,anaphor_agreement,anaphor_number_agreement,True,True,False,True,160,NA,NA
161,Valerie shouldn't shock herself.,Valerie shouldn't shock themselves.,Valerie shouldn't shock,herself,themselves,morphology,anaphor_agreement,anaphor_number_agreement,True,True,False,True,161,NA,NA
162,Those doctors hadn't loved themselves.,Those doctors hadn't loved himself.,Those doctors hadn't loved,themselves,himself,morphology,anaphor_agreement,anaphor_number_agreement,True,True,False,True,162,NA,NA
163,A lot of patients have worked with themselves.,A lot of patients have worked with herself.,A lot of patients have worked with,themselves,herself,morphology,anaphor_agreement,anaphor_number_agreement,True,True,False,True,163,NA,NA
164,Diane hadn't seen herself.,Diane hadn't seen themselves.,Diane hadn't seen,herself,themselves,morphology,anaphor_agreement,anaphor_number_agreement,True,True,False,True,164,NA,NA
165,All banks scared themselves.,All banks scared herself.,All banks scared,themselves,herself,morphology,anaphor_agreement,anaphor_number_agreement,True,True,False,True,165,NA,NA
166,The waitresses argue about themselves.,The waitresses argue about itself.,The waitresses argue about,themselves,itself,morphology,anaphor_agreement,anaphor_number_agreement,True,True,False,True,166,NA,NA
167,Carlos couldn't criticize himself.,Carlos couldn't criticize themselves.,Carlos couldn't criticize,himself,themselves,morphology,anaphor_agreement,anaphor_number_agreement,True,True,False,True,167,NA,NA
168,Curtis will impress himself.,Curtis will impress themselves.,Curtis will impress,himself,themselves,morphology,anaphor_agreement,anaphor_number_agreement,True,True,False,True,168,NA,NA
169,Sandra had distracted herself.,Sandra had distracted themselves.,Sandra had distracted,herself,themselves,morphology,anaphor_agreement,anaphor_number_agreement,True,True,False,True,169,NA,NA
170,All people weren't curing themselves.,All people weren't curing himself.,All people weren't curing,themselves,himself,morphology,anaphor_agreement,anaphor_number_agreement,True,True,False,True,170,NA,NA
171,Every bank was bothering itself.,Every bank was bothering themselves.,Every bank was bothering,itself,themselves,morphology,anaphor_agreement,anaphor_number_agreement,True,True,False,True,171,NA,NA
172,All pedestrians hire themselves.,All pedestrians hire herself.,All pedestrians hire,themselves,herself,morphology,anaphor_agreement,anaphor_number_agreement,True,True,False,True,172,NA,NA
173,That movie has disagreed with itself.,That movie has disagreed with themselves.,That movie has disagreed with,itself,themselves,morphology,anaphor_agreement,anaphor_number_agreement,True,True,False,True,173,NA,NA
174,Rachelle wasn't astounding herself.,Rachelle wasn't astounding themselves.,Rachelle wasn't astounding,herself,themselves,morphology,anaphor_agreement,anaphor_number_agreement,True,True,False,True,174,NA,NA
175,Eva approached herself.,Eva approached themselves.,Eva approached,herself,themselves,morphology,anaphor_agreement,anaphor_number_agreement,True,True,False,True,175,NA,NA
176,Diane will return to herself.,Diane will return to themselves.,Diane will return to,herself,themselves,morphology,anaphor_agreement,anaphor_number_agreement,True,True,False,True,176,NA,NA
177,Stephen had praised himself.,Stephen had praised themselves.,Stephen had praised,himself,themselves,morphology,anaphor_agreement,anaphor_number_agreement,True,True,False,True,177,NA,NA
178,The Impressionists concealed themselves.,The Impressionists concealed itself.,The Impressionists concealed,themselves,itself,morphology,anaphor_agreement,anaphor_number_agreement,True,True,False,True,178,NA,NA
179,Many hospitals are worrying themselves.,Many hospitals are worrying itself.,Many hospitals are worrying,themselves,itself,morphology,anaphor_agreement,anaphor_number_agreement,True,True,False,True,179,NA,NA
180,Most teenagers boasted about themselves.,Most teenagers boasted about himself.,Most teenagers boasted about,themselves,himself,morphology,anaphor_agreement,anaphor_number_agreement,True,True,False,True,180,NA,NA
181,Many teachers kissed themselves.,Many teachers kissed herself.,Many teachers kissed,themselves,herself,morphology,anaphor_agreement,anaphor_number_agreement,True,True,False,True,181,NA,NA
182,The ladies are leaving themselves.,The ladies are leaving herself.,The ladies are leaving,themselves,herself,morphology,anaphor_agreement,anaphor_number_agreement,True,True,False,True,182,NA,NA
183,Martha hadn't argued about herself.,Martha hadn't argued about themselves.,Martha hadn't argued about,herself,themselves,morphology,anaphor_agreement,anaphor_number_agreement,True,True,False,True,183,NA,NA
184,Valerie observed herself.,Valerie observed themselves.,Valerie observed,herself,themselves,morphology,anaphor_agreement,anaphor_number_agreement,True,True,False,True,184,NA,NA
185,Beverly argued about herself.,Beverly argued about themselves.,Beverly argued about,herself,themselves,morphology,anaphor_agreement,anaphor_number_agreement,True,True,False,True,185,NA,NA
186,The Impressionists do approach themselves.,The Impressionists do approach himself.,The Impressionists do approach,themselves,himself,morphology,anaphor_agreement,anaphor_number_agreement,True,True,False,True,186,NA,NA
187,The Impressionists couldn't listen to themselves.,The Impressionists couldn't listen to himself.,The Impressionists couldn't listen to,themselves,himself,morphology,anaphor_agreement,anaphor_number_agreement,True,True,False,True,187,NA,NA
188,Russell will confuse himself.,Russell will confuse themselves.,Russell will confuse,himself,themselves,morphology,anaphor_agreement,anaphor_number_agreement,True,True,False,True,188,NA,NA
189,Drivers have hired themselves.,Drivers have hired himself.,Drivers have hired,themselves,himself,morphology,anaphor_agreement,anaphor_number_agreement,True,True,False,True,189,NA,NA
190,Many dancers boasted about themselves.,Many dancers boasted about herself.,Many dancers boasted about,themselves,herself,morphology,anaphor_agreement,anaphor_number_agreement,True,True,False,True,190,NA,NA
191,Most children could cure themselves.,Most children could cure herself.,Most children could cure,themselves,herself,morphology,anaphor_agreement,anaphor_number_agreement,True,True,False,True,191,NA,NA
192,Scott had observed himself.,Scott had observed themselves.,Scott had observed,himself,themselves,morphology,anaphor_agreement,anaphor_number_agreement,True,True,False,True,192,NA,NA
193,These guests do find themselves.,These guests do find himself.,These guests do find,themselves,himself,morphology,anaphor_agreement,anaphor_number_agreement,True,True,False,True,193,NA,NA
194,Diane hadn't thought about herself.,Diane hadn't thought about themselves.,Diane hadn't thought about,herself,themselves,morphology,anaphor_agreement,anaphor_number_agreement,True,True,False,True,194,NA,NA
195,That legislature stuns itself.,That legislature stuns themselves.,That legislature stuns,itself,themselves,morphology,anaphor_agreement,anaphor_number_agreement,True,True,False,True,195,NA,NA
196,Adam isn't insulting himself.,Adam isn't insulting themselves.,Adam isn't insulting,himself,themselves,morphology,anaphor_agreement,anaphor_number_agreement,True,True,False,True,196,NA,NA
197,Jill wouldn't flee from herself.,Jill wouldn't flee from themselves.,Jill wouldn't flee from,herself,themselves,morphology,anaphor_agreement,anaphor_number_agreement,True,True,False,True,197,NA,NA
198,Those dancers disagree with themselves.,Those dancers disagree with himself.,Those dancers disagree with,themselves,himself,morphology,anaphor_agreement,anaphor_number_agreement,True,True,False,True,198,NA,NA
199,Jason fired himself.,Jason fired themselves.,Jason fired,himself,themselves,morphology,anaphor_agreement,anaphor_number_agreement,True,True,False,True,199,NA,NA
200,Many teachers had noticed themselves.,Many teachers had noticed herself.,Many teachers had noticed,themselves,herself,morphology,anaphor_agreement,anaphor_number_agreement,True,True,False,True,200,NA,NA
201,Those adults did alarm themselves.,Those adults did alarm itself.,Those adults did alarm,themselves,itself,morphology,anaphor_agreement,anaphor_number_agreement,True,True,False,True,201,NA,NA
202,The Impressionists like themselves.,The Impressionists like himself.,The Impressionists like,themselves,himself,morphology,anaphor_agreement,anaphor_number_agreement,True,True,False,True,202,NA,NA
203,Eric shouldn't aggravate himself.,Eric shouldn't aggravate themselves.,Eric shouldn't aggravate,himself,themselves,morphology,anaphor_agreement,anaphor_number_agreement,True,True,False,True,203,NA,NA
204,Irene wouldn't boast about herself.,Irene wouldn't boast about themselves.,Irene wouldn't boast about,herself,themselves,morphology,anaphor_agreement,anaphor_number_agreement,True,True,False,True,204,NA,NA
205,Homer sounded like himself.,Homer sounded like themselves.,Homer sounded like,himself,themselves,morphology,anaphor_agreement,anaphor_number_agreement,True,True,False,True,205,NA,NA
206,The Clintons watched themselves.,The Clintons watched itself.,The Clintons watched,themselves,itself,morphology,anaphor_agreement,anaphor_number_agreement,True,True,False,True,206,NA,NA
207,Many girls insulted themselves.,Many girls insulted herself.,Many girls insulted,themselves,herself,morphology,anaphor_agreement,anaphor_number_agreement,True,True,False,True,207,NA,NA
208,Elizabeth respected herself.,Elizabeth respected themselves.,Elizabeth respected,herself,themselves,morphology,anaphor_agreement,anaphor_number_agreement,True,True,False,True,208,NA,NA
209,Nancy could bother herself.,Nancy could bother themselves.,Nancy could bother,herself,themselves,morphology,anaphor_agreement,anaphor_number_agreement,True,True,False,True,209,NA,NA
210,All actresses have noticed themselves.,All actresses have noticed itself.,All actresses have noticed,themselves,itself,morphology,anaphor_agreement,anaphor_number_agreement,True,True,False,True,210,NA,NA
211,Tanya confused herself.,Tanya confused themselves.,Tanya confused,herself,themselves,morphology,anaphor_agreement,anaphor_number_agreement,True,True,False,True,211,NA,NA
212,Those teachers like themselves.,Those teachers like herself.,Those teachers like,themselves,herself,morphology,anaphor_agreement,anaphor_number_agreement,True,True,False,True,212,NA,NA
213,The Impressionists fire themselves.,The Impressionists fire herself.,The Impressionists fire,themselves,herself,morphology,anaphor_agreement,anaphor_number_agreement,True,True,False,True,213,NA,NA
214,Naomi won't hide herself.,Naomi won't hide themselves.,Naomi won't hide,herself,themselves,morphology,anaphor_agreement,anaphor_number_agreement,True,True,False,True,214,NA,NA
215,Richard hasn't alarmed himself.,Richard hasn't alarmed themselves.,Richard hasn't alarmed,himself,themselves,morphology,anaphor_agreement,anaphor_number_agreement,True,True,False,True,215,NA,NA
216,Lucille can't escape from herself.,Lucille can't escape from themselves.,Lucille can't escape from,herself,themselves,morphology,anaphor_agreement,anaphor_number_agreement,True,True,False,True,216,NA,NA
217,All women talk about themselves.,All women talk about himself.,All women talk about,themselves,himself,morphology,anaphor_agreement,anaphor_number_agreement,True,True,False,True,217,NA,NA
218,Thomas has attacked himself.,Thomas has attacked themselves.,Thomas has attacked,himself,themselves,morphology,anaphor_agreement,anaphor_number_agreement,True,True,False,True,218,NA,NA
219,All people haven't discussed themselves.,All people haven't discussed himself.,All people haven't discussed,themselves,himself,morphology,anaphor_agreement,anaphor_number_agreement,True,True,False,True,219,NA,NA
220,Cashiers haven't hidden themselves.,Cashiers haven't hidden herself.,Cashiers haven't hidden,themselves,herself,morphology,anaphor_agreement,anaphor_number_agreement,True,True,False,True,220,NA,NA
221,The guys talked to themselves.,The guys talked to himself.,The guys talked to,themselves,himself,morphology,anaphor_agreement,anaphor_number_agreement,True,True,False,True,221,NA,NA
222,Adults kiss themselves.,Adults kiss himself.,Adults kiss,themselves,himself,morphology,anaphor_agreement,anaphor_number_agreement,True,True,False,True,222,NA,NA
223,Some government stuns itself.,Some government stuns themselves.,Some government stuns,itself,themselves,morphology,anaphor_agreement,anaphor_number_agreement,True,True,False,True,223,NA,NA
224,These women don't discuss themselves.,These women don't discuss itself.,These women don't discuss,themselves,itself,morphology,anaphor_agreement,anaphor_number_agreement,True,True,False,True,224,NA,NA
225,Most girls irritated themselves.,Most girls irritated itself.,Most girls irritated,themselves,itself,morphology,anaphor_agreement,anaphor_number_agreement,True,True,False,True,225,NA,NA
226,Most pedestrians reveal themselves.,Most pedestrians reveal himself.,Most pedestrians reveal,themselves,himself,morphology,anaphor_agreement,anaphor_number_agreement,True,True,False,True,226,NA,NA
227,The cashiers can't watch themselves.,The cashiers can't watch himself.,The cashiers can't watch,themselves,himself,morphology,anaphor_agreement,anaphor_number_agreement,True,True,False,True,227,NA,NA
228,All girls had healed themselves.,All girls had healed herself.,All girls had healed,themselves,herself,morphology,anaphor_agreement,anaphor_number_agreement,True,True,False,True,228,NA,NA
229,A lot of teenagers aren't discussing themselves.,A lot of teenagers aren't discussing herself.,A lot of teenagers aren't discussing,themselves,herself,morphology,anaphor_agreement,anaphor_number_agreement,True,True,False,True,229,NA,NA
230,Heather has worried herself.,Heather has worried themselves.,Heather has worried,herself,themselves,morphology,anaphor_agreement,anaphor_number_agreement,True,True,False,True,230,NA,NA
231,Most hospitals scare themselves.,Most hospitals scare itself.,Most hospitals scare,themselves,itself,morphology,anaphor_agreement,anaphor_number_agreement,True,True,False,True,231,NA,NA
232,Some boys do work with themselves.,Some boys do work with himself.,Some boys do work with,themselves,himself,morphology,anaphor_agreement,anaphor_number_agreement,True,True,False,True,232,NA,NA
233,Theresa hadn't noticed herself.,Theresa hadn't noticed themselves.,Theresa hadn't noticed,herself,themselves,morphology,anaphor_agreement,anaphor_number_agreement,True,True,False,True,233,NA,NA
234,The Clintons know themselves.,The Clintons know itself.,The Clintons know,themselves,itself,morphology,anaphor_agreement,anaphor_number_agreement,True,True,False,True,234,NA,NA
235,An essay isn't disagreeing with itself.,An essay isn't disagreeing with themselves.,An essay isn't disagreeing with,itself,themselves,morphology,anaphor_agreement,anaphor_number_agreement,True,True,False,True,235,NA,NA
236,Bruce might care for himself.,Bruce might care for themselves.,Bruce might care for,himself,themselves,morphology,anaphor_agreement,anaphor_number_agreement,True,True,False,True,236,NA,NA
237,Customers weren't returning to themselves.,Customers weren't returning to herself.,Customers weren't returning to,themselves,herself,morphology,anaphor_agreement,anaphor_number_agreement,True,True,False,True,237,NA,NA
238,Many patients will visit themselves.,Many patients will visit himself.,Many patients will visit,themselves,himself,morphology,anaphor_agreement,anaphor_number_agreement,True,True,False,True,238,NA,NA
239,Cynthia helped herself.,Cynthia helped themselves.,Cynthia helped,herself,themselves,morphology,anaphor_agreement,anaphor_number_agreement,True,True,False,True,239,NA,NA
240,Those teenagers didn't scare themselves.,Those teenagers didn't scare herself.,Those teenagers didn't scare,themselves,herself,morphology,anaphor_agreement,anaphor_number_agreement,True,True,False,True,240,NA,NA
241,The Impressionists haven't escaped from themselves.,The Impressionists haven't escaped from himself.,The Impressionists haven't escaped from,themselves,himself,morphology,anaphor_agreement,anaphor_number_agreement,True,True,False,True,241,NA,NA
242,Cashiers are helping themselves.,Cashiers are helping itself.,Cashiers are helping,themselves,itself,morphology,anaphor_agreement,anaphor_number_agreement,True,True,False,True,242,NA,NA
243,Adults think about themselves.,Adults think about himself.,Adults think about,themselves,himself,morphology,anaphor_agreement,anaphor_number_agreement,True,True,False,True,243,NA,NA
244,These patients weren't arguing about themselves.,These patients weren't arguing about herself.,These patients weren't arguing about,themselves,herself,morphology,anaphor_agreement,anaphor_number_agreement,True,True,False,True,244,NA,NA
245,Diane has worked with herself.,Diane has worked with themselves.,Diane has worked with,herself,themselves,morphology,anaphor_agreement,anaphor_number_agreement,True,True,False,True,245,NA,NA
246,Brett was annoying himself.,Brett was annoying themselves.,Brett was annoying,himself,themselves,morphology,anaphor_agreement,anaphor_number_agreement,True,True,False,True,246,NA,NA
247,Many hospitals were irritating themselves.,Many hospitals were irritating herself.,Many hospitals were irritating,themselves,herself,morphology,anaphor_agreement,anaphor_number_agreement,True,True,False,True,247,NA,NA
248,Alexander had healed himself.,Alexander had healed themselves.,Alexander had healed,himself,themselves,morphology,anaphor_agreement,anaphor_number_agreement,True,True,False,True,248,NA,NA
249,Vincent should appreciate himself.,Vincent should appreciate themselves.,Vincent should appreciate,himself,themselves,morphology,anaphor_agreement,anaphor_number_agreement,True,True,False,True,249,NA,NA
250,Andrea hired herself.,Andrea hired themselves.,Andrea hired,herself,themselves,morphology,anaphor_agreement,anaphor_number_agreement,True,True,False,True,250,NA,NA
251,A lot of adults don't see themselves.,A lot of adults don't see itself.,A lot of adults don't see,themselves,itself,morphology,anaphor_agreement,anaphor_number_agreement,True,True,False,True,251,NA,NA
252,Most actors will help themselves.,Most actors will help herself.,Most actors will help,themselves,herself,morphology,anaphor_agreement,anaphor_number_agreement,True,True,False,True,252,NA,NA
253,A lot of pedestrians help themselves.,A lot of pedestrians help himself.,A lot of pedestrians help,themselves,himself,morphology,anaphor_agreement,anaphor_number_agreement,True,True,False,True,253,NA,NA
254,These senators are talking to themselves.,These senators are talking to herself.,These senators are talking to,themselves,herself,morphology,anaphor_agreement,anaphor_number_agreement,True,True,False,True,254,NA,NA
255,Marla irritated herself.,Marla irritated themselves.,Marla irritated,herself,themselves,morphology,anaphor_agreement,anaphor_number_agreement,True,True,False,True,255,NA,NA
256,Cindy didn't bother herself.,Cindy didn't bother themselves.,Cindy didn't bother,herself,themselves,morphology,anaphor_agreement,anaphor_number_agreement,True,True,False,True,256,NA,NA
257,Committees did irritate themselves.,Committees did irritate himself.,Committees did irritate,themselves,himself,morphology,anaphor_agreement,anaphor_number_agreement,True,True,False,True,257,NA,NA
258,Harvard University shocks itself.,Harvard University shocks themselves.,Harvard University shocks,itself,themselves,morphology,anaphor_agreement,anaphor_number_agreement,True,True,False,True,258,NA,NA
259,Jane didn't notice herself.,Jane didn't notice themselves.,Jane didn't notice,herself,themselves,morphology,anaphor_agreement,anaphor_number_agreement,True,True,False,True,259,NA,NA
260,Lissa worried herself.,Lissa worried themselves.,Lissa worried,herself,themselves,morphology,anaphor_agreement,anaphor_number_agreement,True,True,False,True,260,NA,NA
261,Larry hadn't found himself.,Larry hadn't found themselves.,Larry hadn't found,himself,themselves,morphology,anaphor_agreement,anaphor_number_agreement,True,True,False,True,261,NA,NA
262,Those girls irritated themselves.,Those girls irritated herself.,Those girls irritated,themselves,herself,morphology,anaphor_agreement,anaphor_number_agreement,True,True,False,True,262,NA,NA
263,Many museums disturbed themselves.,Many museums disturbed himself.,Many museums disturbed,themselves,himself,morphology,anaphor_agreement,anaphor_number_agreement,True,True,False,True,263,NA,NA
264,All men wouldn't work with themselves.,All men wouldn't work with himself.,All men wouldn't work with,themselves,himself,morphology,anaphor_agreement,anaphor_number_agreement,True,True,False,True,264,NA,NA
265,All men hadn't known themselves.,All men hadn't known herself.,All men hadn't known,themselves,herself,morphology,anaphor_agreement,anaphor_number_agreement,True,True,False,True,265,NA,NA
266,The Lutherans saw themselves.,The Lutherans saw itself.,The Lutherans saw,themselves,itself,morphology,anaphor_agreement,anaphor_number_agreement,True,True,False,True,266,NA,NA
267,Noah visited himself.,Noah visited themselves.,Noah visited,himself,themselves,morphology,anaphor_agreement,anaphor_number_agreement,True,True,False,True,267,NA,NA
268,Pamela didn't conceal herself.,Pamela didn't conceal themselves.,Pamela didn't conceal,herself,themselves,morphology,anaphor_agreement,anaphor_number_agreement,True,True,False,True,268,NA,NA
269,Most adults can annoy themselves.,Most adults can annoy herself.,Most adults can annoy,themselves,herself,morphology,anaphor_agreement,anaphor_number_agreement,True,True,False,True,269,NA,NA
270,Diana forgot herself.,Diana forgot themselves.,Diana forgot,herself,themselves,morphology,anaphor_agreement,anaphor_number_agreement,True,True,False,True,270,NA,NA
271,Amanda had fired herself.,Amanda had fired themselves.,Amanda had fired,herself,themselves,morphology,anaphor_agreement,anaphor_number_agreement,True,True,False,True,271,NA,NA
272,These adults hadn't escaped from themselves.,These adults hadn't escaped from itself.,These adults hadn't escaped from,themselves,itself,morphology,anaphor_agreement,anaphor_number_agreement,True,True,False,True,272,NA,NA
273,Diana appreciated herself.,Diana appreciated themselves.,Diana appreciated,herself,themselves,morphology,anaphor_agreement,anaphor_number_agreement,True,True,False,True,273,NA,NA
274,Many men loved themselves.,Many men loved itself.,Many men loved,themselves,itself,morphology,anaphor_agreement,anaphor_number_agreement,True,True,False,True,274,NA,NA
275,The actors know themselves.,The actors know itself.,The actors know,themselves,itself,morphology,anaphor_agreement,anaphor_number_agreement,True,True,False,True,275,NA,NA
276,Phillip revealed himself.,Phillip revealed themselves.,Phillip revealed,himself,themselves,morphology,anaphor_agreement,anaphor_number_agreement,True,True,False,True,276,NA,NA
277,Most actresses flee from themselves.,Most actresses flee from herself.,Most actresses flee from,themselves,herself,morphology,anaphor_agreement,anaphor_number_agreement,True,True,False,True,277,NA,NA
278,Gina is listening to herself.,Gina is listening to themselves.,Gina is listening to,herself,themselves,morphology,anaphor_agreement,anaphor_number_agreement,True,True,False,True,278,NA,NA
279,The Impressionists distracted themselves.,The Impressionists distracted himself.,The Impressionists distracted,themselves,himself,morphology,anaphor_agreement,anaphor_number_agreement,True,True,False,True,279,NA,NA
280,Ann hasn't bothered herself.,Ann hasn't bothered themselves.,Ann hasn't bothered,herself,themselves,morphology,anaphor_agreement,anaphor_number_agreement,True,True,False,True,280,NA,NA
281,Samuel hadn't hated himself.,Samuel hadn't hated themselves.,Samuel hadn't hated,himself,themselves,morphology,anaphor_agreement,anaphor_number_agreement,True,True,False,True,281,NA,NA
282,The cashiers shouldn't worry themselves.,The cashiers shouldn't worry itself.,The cashiers shouldn't worry,themselves,itself,morphology,anaphor_agreement,anaphor_number_agreement,True,True,False,True,282,NA,NA
283,The Borgias have talked about themselves.,The Borgias have talked about himself.,The Borgias have talked about,themselves,himself,morphology,anaphor_agreement,anaphor_number_agreement,True,True,False,True,283,NA,NA
284,James isn't watching himself.,James isn't watching themselves.,James isn't watching,himself,themselves,morphology,anaphor_agreement,anaphor_number_agreement,True,True,False,True,284,NA,NA
285,Ruth wasn't discussing herself.,Ruth wasn't discussing themselves.,Ruth wasn't discussing,herself,themselves,morphology,anaphor_agreement,anaphor_number_agreement,True,True,False,True,285,NA,NA
286,All doctors discover themselves.,All doctors discover itself.,All doctors discover,themselves,itself,morphology,anaphor_agreement,anaphor_number_agreement,True,True,False,True,286,NA,NA
287,The doctors described themselves.,The doctors described itself.,The doctors described,themselves,itself,morphology,anaphor_agreement,anaphor_number_agreement,True,True,False,True,287,NA,NA
288,All waitresses hurt themselves.,All waitresses hurt herself.,All waitresses hurt,themselves,herself,morphology,anaphor_agreement,anaphor_number_agreement,True,True,False,True,288,NA,NA
289,Those children could think about themselves.,Those children could think about itself.,Those children could think about,themselves,itself,morphology,anaphor_agreement,anaphor_number_agreement,True,True,False,True,289,NA,NA
290,These senators had hated themselves.,These senators had hated herself.,These senators had hated,themselves,herself,morphology,anaphor_agreement,anaphor_number_agreement,True,True,False,True,290,NA,NA
291,Karen didn't heal herself.,Karen didn't heal themselves.,Karen didn't heal,herself,themselves,morphology,anaphor_agreement,anaphor_number_agreement,True,True,False,True,291,NA,NA
292,Linda does talk to herself.,Linda does talk to themselves.,Linda does talk to,herself,themselves,morphology,anaphor_agreement,anaphor_number_agreement,True,True,False,True,292,NA,NA
293,Douglas is visiting himself.,Douglas is visiting themselves.,Douglas is visiting,himself,themselves,morphology,anaphor_agreement,anaphor_number_agreement,True,True,False,True,293,NA,NA
294,Todd has aggravated himself.,Todd has aggravated themselves.,Todd has aggravated,himself,themselves,morphology,anaphor_agreement,anaphor_number_agreement,True,True,False,True,294,NA,NA
295,Noah can't discover himself.,Noah can't discover themselves.,Noah can't discover,himself,themselves,morphology,anaphor_agreement,anaphor_number_agreement,True,True,False,True,295,NA,NA
296,The organizations bother themselves.,The organizations bother herself.,The organizations bother,themselves,herself,morphology,anaphor_agreement,anaphor_number_agreement,True,True,False,True,296,NA,NA
297,Boys reference themselves.,Boys reference himself.,Boys reference,themselves,himself,morphology,anaphor_agreement,anaphor_number_agreement,True,True,False,True,297,NA,NA
298,Daniel isn't revealing himself.,Daniel isn't revealing themselves.,Daniel isn't revealing,himself,themselves,morphology,anaphor_agreement,anaphor_number_agreement,True,True,False,True,298,NA,NA
299,Tracy hadn't described herself.,Tracy hadn't described themselves.,Tracy hadn't described,herself,themselves,morphology,anaphor_agreement,anaphor_number_agreement,True,True,False,True,299,NA,NA
300,Tina wasn't curing herself.,Tina wasn't curing themselves.,Tina wasn't curing,herself,themselves,morphology,anaphor_agreement,anaphor_number_agreement,True,True,False,True,300,NA,NA
301,All dancers have aggravated themselves.,All dancers have aggravated himself.,All dancers have aggravated,themselves,himself,morphology,anaphor_agreement,anaphor_number_agreement,True,True,False,True,301,NA,NA
302,Cheryl does disgust herself.,Cheryl does disgust themselves.,Cheryl does disgust,herself,themselves,morphology,anaphor_agreement,anaphor_number_agreement,True,True,False,True,302,NA,NA
303,These boys haven't attacked themselves.,These boys haven't attacked himself.,These boys haven't attacked,themselves,himself,morphology,anaphor_agreement,anaphor_number_agreement,True,True,False,True,303,NA,NA
304,Steven was hiding himself.,Steven was hiding themselves.,Steven was hiding,himself,themselves,morphology,anaphor_agreement,anaphor_number_agreement,True,True,False,True,304,NA,NA
305,Amelia should notice herself.,Amelia should notice themselves.,Amelia should notice,herself,themselves,morphology,anaphor_agreement,anaphor_number_agreement,True,True,False,True,305,NA,NA
306,Suzanne respected herself.,Suzanne respected themselves.,Suzanne respected,herself,themselves,morphology,anaphor_agreement,anaphor_number_agreement,True,True,False,True,306,NA,NA
307,Sarah had boasted about herself.,Sarah had boasted about themselves.,Sarah had boasted about,herself,themselves,morphology,anaphor_agreement,anaphor_number_agreement,True,True,False,True,307,NA,NA
308,Many dancers are concealing themselves.,Many dancers are concealing itself.,Many dancers are concealing,themselves,itself,morphology,anaphor_agreement,anaphor_number_agreement,True,True,False,True,308,NA,NA
309,April attacked herself.,April attacked themselves.,April attacked,herself,themselves,morphology,anaphor_agreement,anaphor_number_agreement,True,True,False,True,309,NA,NA
310,This man had worked with himself.,This man had worked with themselves.,This man had worked with,himself,themselves,morphology,anaphor_agreement,anaphor_number_agreement,True,True,False,True,310,NA,NA
311,The governments embarrassed themselves.,The governments embarrassed herself.,The governments embarrassed,themselves,herself,morphology,anaphor_agreement,anaphor_number_agreement,True,True,False,True,311,NA,NA
312,Most libraries are scaring themselves.,Most libraries are scaring himself.,Most libraries are scaring,themselves,himself,morphology,anaphor_agreement,anaphor_number_agreement,True,True,False,True,312,NA,NA
313,Jill hadn't irritated herself.,Jill hadn't irritated themselves.,Jill hadn't irritated,herself,themselves,morphology,anaphor_agreement,anaphor_number_agreement,True,True,False,True,313,NA,NA
314,Helen praised herself.,Helen praised themselves.,Helen praised,herself,themselves,morphology,anaphor_agreement,anaphor_number_agreement,True,True,False,True,314,NA,NA
315,Most pedestrians aren't referencing themselves.,Most pedestrians aren't referencing herself.,Most pedestrians aren't referencing,themselves,herself,morphology,anaphor_agreement,anaphor_number_agreement,True,True,False,True,315,NA,NA
316,Some ladies do talk to themselves.,Some ladies do talk to itself.,Some ladies do talk to,themselves,itself,morphology,anaphor_agreement,anaphor_number_agreement,True,True,False,True,316,NA,NA
317,Those pedestrians embarrassed themselves.,Those pedestrians embarrassed itself.,Those pedestrians embarrassed,themselves,itself,morphology,anaphor_agreement,anaphor_number_agreement,True,True,False,True,317,NA,NA
318,Mary has seen herself.,Mary has seen themselves.,Mary has seen,herself,themselves,morphology,anaphor_agreement,anaphor_number_agreement,True,True,False,True,318,NA,NA
319,The Impressionists haven't hurt themselves.,The Impressionists haven't hurt itself.,The Impressionists haven't hurt,themselves,itself,morphology,anaphor_agreement,anaphor_number_agreement,True,True,False,True,319,NA,NA
320,Some waitresses had sounded like themselves.,Some waitresses had sounded like itself.,Some waitresses had sounded like,themselves,itself,morphology,anaphor_agreement,anaphor_number_agreement,True,True,False,True,320,NA,NA
321,That woman had criticized herself.,That woman had criticized themselves.,That woman had criticized,herself,themselves,morphology,anaphor_agreement,anaphor_number_agreement,True,True,False,True,321,NA,NA
322,A lady hadn't worked with herself.,A lady hadn't worked with themselves.,A lady hadn't worked with,herself,themselves,morphology,anaphor_agreement,anaphor_number_agreement,True,True,False,True,322,NA,NA
323,Becky astounded herself.,Becky astounded themselves.,Becky astounded,herself,themselves,morphology,anaphor_agreement,anaphor_number_agreement,True,True,False,True,323,NA,NA
324,Some actors investigate themselves.,Some actors investigate himself.,Some actors investigate,themselves,himself,morphology,anaphor_agreement,anaphor_number_agreement,True,True,False,True,324,NA,NA
325,Omar hated himself.,Omar hated themselves.,Omar hated,himself,themselves,morphology,anaphor_agreement,anaphor_number_agreement,True,True,False,True,325,NA,NA
326,The cashiers astounded themselves.,The cashiers astounded itself.,The cashiers astounded,themselves,itself,morphology,anaphor_agreement,anaphor_number_agreement,True,True,False,True,326,NA,NA
327,Many teenagers distracted themselves.,Many teenagers distracted herself.,Many teenagers distracted,themselves,herself,morphology,anaphor_agreement,anaphor_number_agreement,True,True,False,True,327,NA,NA
328,Janice will respect herself.,Janice will respect themselves.,Janice will respect,herself,themselves,morphology,anaphor_agreement,anaphor_number_agreement,True,True,False,True,328,NA,NA
329,A lot of women worry themselves.,A lot of women worry herself.,A lot of women worry,themselves,herself,morphology,anaphor_agreement,anaphor_number_agreement,True,True,False,True,329,NA,NA
330,Derek should hug himself.,Derek should hug themselves.,Derek should hug,himself,themselves,morphology,anaphor_agreement,anaphor_number_agreement,True,True,False,True,330,NA,NA
331,A lot of people complain about themselves.,A lot of people complain about itself.,A lot of people complain about,themselves,itself,morphology,anaphor_agreement,anaphor_number_agreement,True,True,False,True,331,NA,NA
332,Jill thought about herself.,Jill thought about themselves.,Jill thought about,herself,themselves,morphology,anaphor_agreement,anaphor_number_agreement,True,True,False,True,332,NA,NA
333,The Lutherans could praise themselves.,The Lutherans could praise itself.,The Lutherans could praise,themselves,itself,morphology,anaphor_agreement,anaphor_number_agreement,True,True,False,True,333,NA,NA
334,A lot of students astounded themselves.,A lot of students astounded itself.,A lot of students astounded,themselves,itself,morphology,anaphor_agreement,anaphor_number_agreement,True,True,False,True,334,NA,NA
335,Many teenagers describe themselves.,Many teenagers describe himself.,Many teenagers describe,themselves,himself,morphology,anaphor_agreement,anaphor_number_agreement,True,True,False,True,335,NA,NA
336,Anne will discover herself.,Anne will discover themselves.,Anne will discover,herself,themselves,morphology,anaphor_agreement,anaphor_number_agreement,True,True,False,True,336,NA,NA
337,These guests haven't approached themselves.,These guests haven't approached herself.,These guests haven't approached,themselves,herself,morphology,anaphor_agreement,anaphor_number_agreement,True,True,False,True,337,NA,NA
338,Carla annoyed herself.,Carla annoyed themselves.,Carla annoyed,herself,themselves,morphology,anaphor_agreement,anaphor_number_agreement,True,True,False,True,338,NA,NA
339,Edward hasn't bothered himself.,Edward hasn't bothered themselves.,Edward hasn't bothered,himself,themselves,morphology,anaphor_agreement,anaphor_number_agreement,True,True,False,True,339,NA,NA
340,Matt isn't working with himself.,Matt isn't working with themselves.,Matt isn't working with,himself,themselves,morphology,anaphor_agreement,anaphor_number_agreement,True,True,False,True,340,NA,NA
341,Guy hadn't left himself.,Guy hadn't left themselves.,Guy hadn't left,himself,themselves,morphology,anaphor_agreement,anaphor_number_agreement,True,True,False,True,341,NA,NA
342,The children admired themselves.,The children admired itself.,The children admired,themselves,itself,morphology,anaphor_agreement,anaphor_number_agreement,True,True,False,True,342,NA,NA
343,Larry isn't healing himself.,Larry isn't healing themselves.,Larry isn't healing,himself,themselves,morphology,anaphor_agreement,anaphor_number_agreement,True,True,False,True,343,NA,NA
344,A lot of girls discover themselves.,A lot of girls discover itself.,A lot of girls discover,themselves,itself,morphology,anaphor_agreement,anaphor_number_agreement,True,True,False,True,344,NA,NA
345,The Clintons worry themselves.,The Clintons worry herself.,The Clintons worry,themselves,herself,morphology,anaphor_agreement,anaphor_number_agreement,True,True,False,True,345,NA,NA
346,These teenagers alarm themselves.,These teenagers alarm itself.,These teenagers alarm,themselves,itself,morphology,anaphor_agreement,anaphor_number_agreement,True,True,False,True,346,NA,NA
347,Guy hadn't upset himself.,Guy hadn't upset themselves.,Guy hadn't upset,himself,themselves,morphology,anaphor_agreement,anaphor_number_agreement,True,True,False,True,347,NA,NA
348,A documentary isn't disagreeing with itself.,A documentary isn't disagreeing with themselves.,A documentary isn't disagreeing with,itself,themselves,morphology,anaphor_agreement,anaphor_number_agreement,True,True,False,True,348,NA,NA
349,Veronica was healing herself.,Veronica was healing themselves.,Veronica was healing,herself,themselves,morphology,anaphor_agreement,anaphor_number_agreement,True,True,False,True,349,NA,NA
350,Some pedestrians don't insult themselves.,Some pedestrians don't insult herself.,Some pedestrians don't insult,themselves,herself,morphology,anaphor_agreement,anaphor_number_agreement,True,True,False,True,350,NA,NA
351,A lot of cashiers weren't boring themselves.,A lot of cashiers weren't boring herself.,A lot of cashiers weren't boring,themselves,herself,morphology,anaphor_agreement,anaphor_number_agreement,True,True,False,True,351,NA,NA
352,Those dancers had approached themselves.,Those dancers had approached itself.,Those dancers had approached,themselves,itself,morphology,anaphor_agreement,anaphor_number_agreement,True,True,False,True,352,NA,NA
353,Some women will insult themselves.,Some women will insult itself.,Some women will insult,themselves,itself,morphology,anaphor_agreement,anaphor_number_agreement,True,True,False,True,353,NA,NA
354,Bruce found himself.,Bruce found themselves.,Bruce found,himself,themselves,morphology,anaphor_agreement,anaphor_number_agreement,True,True,False,True,354,NA,NA
355,Timothy should cure himself.,Timothy should cure themselves.,Timothy should cure,himself,themselves,morphology,anaphor_agreement,anaphor_number_agreement,True,True,False,True,355,NA,NA
356,Stacey was discovering herself.,Stacey was discovering themselves.,Stacey was discovering,herself,themselves,morphology,anaphor_agreement,anaphor_number_agreement,True,True,False,True,356,NA,NA
357,The Lutherans know themselves.,The Lutherans know himself.,The Lutherans know,themselves,himself,morphology,anaphor_agreement,anaphor_number_agreement,True,True,False,True,357,NA,NA
358,A lot of drivers do boast about themselves.,A lot of drivers do boast about herself.,A lot of drivers do boast about,themselves,herself,morphology,anaphor_agreement,anaphor_number_agreement,True,True,False,True,358,NA,NA
359,Roger kissed himself.,Roger kissed themselves.,Roger kissed,himself,themselves,morphology,anaphor_agreement,anaphor_number_agreement,True,True,False,True,359,NA,NA
360,Laurie has described herself.,Laurie has described themselves.,Laurie has described,herself,themselves,morphology,anaphor_agreement,anaphor_number_agreement,True,True,False,True,360,NA,NA
361,Deborah alarmed herself.,Deborah alarmed themselves.,Deborah alarmed,herself,themselves,morphology,anaphor_agreement,anaphor_number_agreement,True,True,False,True,361,NA,NA
362,Most girls complained about themselves.,Most girls complained about himself.,Most girls complained about,themselves,himself,morphology,anaphor_agreement,anaphor_number_agreement,True,True,False,True,362,NA,NA
363,Waitresses aren't listening to themselves.,Waitresses aren't listening to itself.,Waitresses aren't listening to,themselves,itself,morphology,anaphor_agreement,anaphor_number_agreement,True,True,False,True,363,NA,NA
364,Allison wasn't kissing herself.,Allison wasn't kissing themselves.,Allison wasn't kissing,herself,themselves,morphology,anaphor_agreement,anaphor_number_agreement,True,True,False,True,364,NA,NA
365,Melissa hadn't discussed herself.,Melissa hadn't discussed themselves.,Melissa hadn't discussed,herself,themselves,morphology,anaphor_agreement,anaphor_number_agreement,True,True,False,True,365,NA,NA
366,These schools confuse themselves.,These schools confuse herself.,These schools confuse,themselves,herself,morphology,anaphor_agreement,anaphor_number_agreement,True,True,False,True,366,NA,NA
367,Kevin doesn't care for himself.,Kevin doesn't care for themselves.,Kevin doesn't care for,himself,themselves,morphology,anaphor_agreement,anaphor_number_agreement,True,True,False,True,367,NA,NA
368,Michael isn't astounding himself.,Michael isn't astounding themselves.,Michael isn't astounding,himself,themselves,morphology,anaphor_agreement,anaphor_number_agreement,True,True,False,True,368,NA,NA
369,Many children talk to themselves.,Many children talk to himself.,Many children talk to,themselves,himself,morphology,anaphor_agreement,anaphor_number_agreement,True,True,False,True,369,NA,NA
370,Many women found themselves.,Many women found itself.,Many women found,themselves,itself,morphology,anaphor_agreement,anaphor_number_agreement,True,True,False,True,370,NA,NA
371,Carlos did talk to himself.,Carlos did talk to themselves.,Carlos did talk to,himself,themselves,morphology,anaphor_agreement,anaphor_number_agreement,True,True,False,True,371,NA,NA
372,Heidi was stunning herself.,Heidi was stunning themselves.,Heidi was stunning,herself,themselves,morphology,anaphor_agreement,anaphor_number_agreement,True,True,False,True,372,NA,NA
373,Tracy hasn't stunned herself.,Tracy hasn't stunned themselves.,Tracy hasn't stunned,herself,themselves,morphology,anaphor_agreement,anaphor_number_agreement,True,True,False,True,373,NA,NA
374,The Lutherans dislike themselves.,The Lutherans dislike itself.,The Lutherans dislike,themselves,itself,morphology,anaphor_agreement,anaphor_number_agreement,True,True,False,True,374,NA,NA
375,Some men care for themselves.,Some men care for itself.,Some men care for,themselves,itself,morphology,anaphor_agreement,anaphor_number_agreement,True,True,False,True,375,NA,NA
376,Many actors are boring themselves.,Many actors are boring himself.,Many actors are boring,themselves,himself,morphology,anaphor_agreement,anaphor_number_agreement,True,True,False,True,376,NA,NA
377,Drivers loved themselves.,Drivers loved himself.,Drivers loved,themselves,himself,morphology,anaphor_agreement,anaphor_number_agreement,True,True,False,True,377,NA,NA
378,Melanie won't kiss herself.,Melanie won't kiss themselves.,Melanie won't kiss,herself,themselves,morphology,anaphor_agreement,anaphor_number_agreement,True,True,False,True,378,NA,NA
379,Donald hired himself.,Donald hired themselves.,Donald hired,himself,themselves,morphology,anaphor_agreement,anaphor_number_agreement,True,True,False,True,379,NA,NA
380,Carlos approached himself.,Carlos approached themselves.,Carlos approached,himself,themselves,morphology,anaphor_agreement,anaphor_number_agreement,True,True,False,True,380,NA,NA
381,Meredith was escaping from herself.,Meredith was escaping from themselves.,Meredith was escaping from,herself,themselves,morphology,anaphor_agreement,anaphor_number_agreement,True,True,False,True,381,NA,NA
382,Stacy astounded herself.,Stacy astounded themselves.,Stacy astounded,herself,themselves,morphology,anaphor_agreement,anaphor_number_agreement,True,True,False,True,382,NA,NA
383,The Clintons scared themselves.,The Clintons scared itself.,The Clintons scared,themselves,itself,morphology,anaphor_agreement,anaphor_number_agreement,True,True,False,True,383,NA,NA
384,Customers would discuss themselves.,Customers would discuss itself.,Customers would discuss,themselves,itself,morphology,anaphor_agreement,anaphor_number_agreement,True,True,False,True,384,NA,NA
385,An association impresses itself.,An association impresses themselves.,An association impresses,itself,themselves,morphology,anaphor_agreement,anaphor_number_agreement,True,True,False,True,385,NA,NA
386,Those ladies weren't talking to themselves.,Those ladies weren't talking to itself.,Those ladies weren't talking to,themselves,itself,morphology,anaphor_agreement,anaphor_number_agreement,True,True,False,True,386,NA,NA
387,Carl is admiring himself.,Carl is admiring themselves.,Carl is admiring,himself,themselves,morphology,anaphor_agreement,anaphor_number_agreement,True,True,False,True,387,NA,NA
388,Sandra hid herself.,Sandra hid themselves.,Sandra hid,herself,themselves,morphology,anaphor_agreement,anaphor_number_agreement,True,True,False,True,388,NA,NA
389,Those actors can't question themselves.,Those actors can't question itself.,Those actors can't question,themselves,itself,morphology,anaphor_agreement,anaphor_number_agreement,True,True,False,True,389,NA,NA
390,Jerry is finding himself.,Jerry is finding themselves.,Jerry is finding,himself,themselves,morphology,anaphor_agreement,anaphor_number_agreement,True,True,False,True,390,NA,NA
391,Roger does complain about himself.,Roger does complain about themselves.,Roger does complain about,himself,themselves,morphology,anaphor_agreement,anaphor_number_agreement,True,True,False,True,391,NA,NA
392,Amy has concealed herself.,Amy has concealed themselves.,Amy has concealed,herself,themselves,morphology,anaphor_agreement,anaphor_number_agreement,True,True,False,True,392,NA,NA
393,Edward had distracted himself.,Edward had distracted themselves.,Edward had distracted,himself,themselves,morphology,anaphor_agreement,anaphor_number_agreement,True,True,False,True,393,NA,NA
394,A lot of waitresses complained about themselves.,A lot of waitresses complained about himself.,A lot of waitresses complained about,themselves,himself,morphology,anaphor_agreement,anaphor_number_agreement,True,True,False,True,394,NA,NA
395,Most customers won't hate themselves.,Most customers won't hate herself.,Most customers won't hate,themselves,herself,morphology,anaphor_agreement,anaphor_number_agreement,True,True,False,True,395,NA,NA
396,Candice liked herself.,Candice liked themselves.,Candice liked,herself,themselves,morphology,anaphor_agreement,anaphor_number_agreement,True,True,False,True,396,NA,NA
397,Janet complained about herself.,Janet complained about themselves.,Janet complained about,herself,themselves,morphology,anaphor_agreement,anaphor_number_agreement,True,True,False,True,397,NA,NA
398,Maria was insulting herself.,Maria was insulting themselves.,Maria was insulting,herself,themselves,morphology,anaphor_agreement,anaphor_number_agreement,True,True,False,True,398,NA,NA
399,All guys are approaching themselves.,All guys are approaching himself.,All guys are approaching,themselves,himself,morphology,anaphor_agreement,anaphor_number_agreement,True,True,False,True,399,NA,NA
400,Most children admired themselves.,Most children admired himself.,Most children admired,themselves,himself,morphology,anaphor_agreement,anaphor_number_agreement,True,True,False,True,400,NA,NA
401,A lot of committees have astounded themselves.,A lot of committees have astounded itself.,A lot of committees have astounded,themselves,itself,morphology,anaphor_agreement,anaphor_number_agreement,True,True,False,True,401,NA,NA
402,The Borgias investigated themselves.,The Borgias investigated herself.,The Borgias investigated,themselves,herself,morphology,anaphor_agreement,anaphor_number_agreement,True,True,False,True,402,NA,NA
403,Those men question themselves.,Those men question herself.,Those men question,themselves,herself,morphology,anaphor_agreement,anaphor_number_agreement,True,True,False,True,403,NA,NA
404,Charles isn't annoying himself.,Charles isn't annoying themselves.,Charles isn't annoying,himself,themselves,morphology,anaphor_agreement,anaphor_number_agreement,True,True,False,True,404,NA,NA
405,Some guys were concealing themselves.,Some guys were concealing itself.,Some guys were concealing,themselves,itself,morphology,anaphor_agreement,anaphor_number_agreement,True,True,False,True,405,NA,NA
406,These guests weren't boring themselves.,These guests weren't boring herself.,These guests weren't boring,themselves,herself,morphology,anaphor_agreement,anaphor_number_agreement,True,True,False,True,406,NA,NA
407,Carla can talk to herself.,Carla can talk to themselves.,Carla can talk to,herself,themselves,morphology,anaphor_agreement,anaphor_number_agreement,True,True,False,True,407,NA,NA
408,A lot of teenagers hadn't attacked themselves.,A lot of teenagers hadn't attacked himself.,A lot of teenagers hadn't attacked,themselves,himself,morphology,anaphor_agreement,anaphor_number_agreement,True,True,False,True,408,NA,NA
409,Some lady couldn't return to herself.,Some lady couldn't return to themselves.,Some lady couldn't return to,herself,themselves,morphology,anaphor_agreement,anaphor_number_agreement,True,True,False,True,409,NA,NA
410,A lot of associations do upset themselves.,A lot of associations do upset himself.,A lot of associations do upset,themselves,himself,morphology,anaphor_agreement,anaphor_number_agreement,True,True,False,True,410,NA,NA
411,Some boys weren't concealing themselves.,Some boys weren't concealing himself.,Some boys weren't concealing,themselves,himself,morphology,anaphor_agreement,anaphor_number_agreement,True,True,False,True,411,NA,NA
412,Peter worried himself.,Peter worried themselves.,Peter worried,himself,themselves,morphology,anaphor_agreement,anaphor_number_agreement,True,True,False,True,412,NA,NA
413,Cindy does praise herself.,Cindy does praise themselves.,Cindy does praise,herself,themselves,morphology,anaphor_agreement,anaphor_number_agreement,True,True,False,True,413,NA,NA
414,A book hasn't disagreed with itself.,A book hasn't disagreed with themselves.,A book hasn't disagreed with,itself,themselves,morphology,anaphor_agreement,anaphor_number_agreement,True,True,False,True,414,NA,NA
415,Bill isn't disturbing himself.,Bill isn't disturbing themselves.,Bill isn't disturbing,himself,themselves,morphology,anaphor_agreement,anaphor_number_agreement,True,True,False,True,415,NA,NA
416,Angela worried herself.,Angela worried themselves.,Angela worried,herself,themselves,morphology,anaphor_agreement,anaphor_number_agreement,True,True,False,True,416,NA,NA
417,All people weren't fleeing from themselves.,All people weren't fleeing from himself.,All people weren't fleeing from,themselves,himself,morphology,anaphor_agreement,anaphor_number_agreement,True,True,False,True,417,NA,NA
418,Many teachers are shocking themselves.,Many teachers are shocking herself.,Many teachers are shocking,themselves,herself,morphology,anaphor_agreement,anaphor_number_agreement,True,True,False,True,418,NA,NA
419,Jane is watching herself.,Jane is watching themselves.,Jane is watching,herself,themselves,morphology,anaphor_agreement,anaphor_number_agreement,True,True,False,True,419,NA,NA
420,All drivers haven't insulted themselves.,All drivers haven't insulted itself.,All drivers haven't insulted,themselves,itself,morphology,anaphor_agreement,anaphor_number_agreement,True,True,False,True,420,NA,NA
421,Ann isn't visiting herself.,Ann isn't visiting themselves.,Ann isn't visiting,herself,themselves,morphology,anaphor_agreement,anaphor_number_agreement,True,True,False,True,421,NA,NA
422,All doctors had thought about themselves.,All doctors had thought about herself.,All doctors had thought about,themselves,herself,morphology,anaphor_agreement,anaphor_number_agreement,True,True,False,True,422,NA,NA
423,Amy hasn't questioned herself.,Amy hasn't questioned themselves.,Amy hasn't questioned,herself,themselves,morphology,anaphor_agreement,anaphor_number_agreement,True,True,False,True,423,NA,NA
424,Samuel has hurt himself.,Samuel has hurt themselves.,Samuel has hurt,himself,themselves,morphology,anaphor_agreement,anaphor_number_agreement,True,True,False,True,424,NA,NA
425,All banks annoy themselves.,All banks annoy herself.,All banks annoy,themselves,herself,morphology,anaphor_agreement,anaphor_number_agreement,True,True,False,True,425,NA,NA
426,Homer astounded himself.,Homer astounded themselves.,Homer astounded,himself,themselves,morphology,anaphor_agreement,anaphor_number_agreement,True,True,False,True,426,NA,NA
427,Florence wouldn't question herself.,Florence wouldn't question themselves.,Florence wouldn't question,herself,themselves,morphology,anaphor_agreement,anaphor_number_agreement,True,True,False,True,427,NA,NA
428,Women have watched themselves.,Women have watched herself.,Women have watched,themselves,herself,morphology,anaphor_agreement,anaphor_number_agreement,True,True,False,True,428,NA,NA
429,The banks dislike themselves.,The banks dislike herself.,The banks dislike,themselves,herself,morphology,anaphor_agreement,anaphor_number_agreement,True,True,False,True,429,NA,NA
430,Some people dislike themselves.,Some people dislike herself.,Some people dislike,themselves,herself,morphology,anaphor_agreement,anaphor_number_agreement,True,True,False,True,430,NA,NA
431,A library alarms itself.,A library alarms themselves.,A library alarms,itself,themselves,morphology,anaphor_agreement,anaphor_number_agreement,True,True,False,True,431,NA,NA
432,All companies disgust themselves.,All companies disgust himself.,All companies disgust,themselves,himself,morphology,anaphor_agreement,anaphor_number_agreement,True,True,False,True,432,NA,NA
433,Some guys disliked themselves.,Some guys disliked herself.,Some guys disliked,themselves,herself,morphology,anaphor_agreement,anaphor_number_agreement,True,True,False,True,433,NA,NA
434,All girls couldn't hire themselves.,All girls couldn't hire itself.,All girls couldn't hire,themselves,itself,morphology,anaphor_agreement,anaphor_number_agreement,True,True,False,True,434,NA,NA
435,Doctors flee from themselves.,Doctors flee from himself.,Doctors flee from,themselves,himself,morphology,anaphor_agreement,anaphor_number_agreement,True,True,False,True,435,NA,NA
436,All drivers could notice themselves.,All drivers could notice himself.,All drivers could notice,themselves,himself,morphology,anaphor_agreement,anaphor_number_agreement,True,True,False,True,436,NA,NA
437,Keith discovered himself.,Keith discovered themselves.,Keith discovered,himself,themselves,morphology,anaphor_agreement,anaphor_number_agreement,True,True,False,True,437,NA,NA
438,These guests had insulted themselves.,These guests had insulted itself.,These guests had insulted,themselves,itself,morphology,anaphor_agreement,anaphor_number_agreement,True,True,False,True,438,NA,NA
439,Some students complain about themselves.,Some students complain about himself.,Some students complain about,themselves,himself,morphology,anaphor_agreement,anaphor_number_agreement,True,True,False,True,439,NA,NA
440,A lot of actors haven't distracted themselves.,A lot of actors haven't distracted himself.,A lot of actors haven't distracted,themselves,himself,morphology,anaphor_agreement,anaphor_number_agreement,True,True,False,True,440,NA,NA
441,Noah does conceal himself.,Noah does conceal themselves.,Noah does conceal,himself,themselves,morphology,anaphor_agreement,anaphor_number_agreement,True,True,False,True,441,NA,NA
442,Angela concealed herself.,Angela concealed themselves.,Angela concealed,herself,themselves,morphology,anaphor_agreement,anaphor_number_agreement,True,True,False,True,442,NA,NA
443,Stacey couldn't irritate herself.,Stacey couldn't irritate themselves.,Stacey couldn't irritate,herself,themselves,morphology,anaphor_agreement,anaphor_number_agreement,True,True,False,True,443,NA,NA
444,A lot of teachers escape from themselves.,A lot of teachers escape from itself.,A lot of teachers escape from,themselves,itself,morphology,anaphor_agreement,anaphor_number_agreement,True,True,False,True,444,NA,NA
445,That museum alarms itself.,That museum alarms themselves.,That museum alarms,itself,themselves,morphology,anaphor_agreement,anaphor_number_agreement,True,True,False,True,445,NA,NA
446,James impressed himself.,James impressed themselves.,James impressed,himself,themselves,morphology,anaphor_agreement,anaphor_number_agreement,True,True,False,True,446,NA,NA
447,Eric should criticize himself.,Eric should criticize themselves.,Eric should criticize,himself,themselves,morphology,anaphor_agreement,anaphor_number_agreement,True,True,False,True,447,NA,NA
448,Men confuse themselves.,Men confuse himself.,Men confuse,themselves,himself,morphology,anaphor_agreement,anaphor_number_agreement,True,True,False,True,448,NA,NA
449,Sara can flee from herself.,Sara can flee from themselves.,Sara can flee from,herself,themselves,morphology,anaphor_agreement,anaphor_number_agreement,True,True,False,True,449,NA,NA
450,All people irritate themselves.,All people irritate himself.,All people irritate,themselves,himself,morphology,anaphor_agreement,anaphor_number_agreement,True,True,False,True,450,NA,NA
451,These teachers don't impress themselves.,These teachers don't impress himself.,These teachers don't impress,themselves,himself,morphology,anaphor_agreement,anaphor_number_agreement,True,True,False,True,451,NA,NA
452,Russell wasn't shocking himself.,Russell wasn't shocking themselves.,Russell wasn't shocking,himself,themselves,morphology,anaphor_agreement,anaphor_number_agreement,True,True,False,True,452,NA,NA
453,Actresses complain about themselves.,Actresses complain about himself.,Actresses complain about,themselves,himself,morphology,anaphor_agreement,anaphor_number_agreement,True,True,False,True,453,NA,NA
454,Aaron might kiss himself.,Aaron might kiss themselves.,Aaron might kiss,himself,themselves,morphology,anaphor_agreement,anaphor_number_agreement,True,True,False,True,454,NA,NA
455,Adam had disgusted himself.,Adam had disgusted themselves.,Adam had disgusted,himself,themselves,morphology,anaphor_agreement,anaphor_number_agreement,True,True,False,True,455,NA,NA
456,Adam referenced himself.,Adam referenced themselves.,Adam referenced,himself,themselves,morphology,anaphor_agreement,anaphor_number_agreement,True,True,False,True,456,NA,NA
457,Dan hired himself.,Dan hired themselves.,Dan hired,himself,themselves,morphology,anaphor_agreement,anaphor_number_agreement,True,True,False,True,457,NA,NA
458,Boys appreciate themselves.,Boys appreciate himself.,Boys appreciate,themselves,himself,morphology,anaphor_agreement,anaphor_number_agreement,True,True,False,True,458,NA,NA
459,Andrea is discovering herself.,Andrea is discovering themselves.,Andrea is discovering,herself,themselves,morphology,anaphor_agreement,anaphor_number_agreement,True,True,False,True,459,NA,NA
460,Sarah had appreciated herself.,Sarah had appreciated themselves.,Sarah had appreciated,herself,themselves,morphology,anaphor_agreement,anaphor_number_agreement,True,True,False,True,460,NA,NA
461,Those drivers aren't impressing themselves.,Those drivers aren't impressing itself.,Those drivers aren't impressing,themselves,itself,morphology,anaphor_agreement,anaphor_number_agreement,True,True,False,True,461,NA,NA
462,The Lutherans knew themselves.,The Lutherans knew itself.,The Lutherans knew,themselves,itself,morphology,anaphor_agreement,anaphor_number_agreement,True,True,False,True,462,NA,NA
463,Those doctors weren't annoying themselves.,Those doctors weren't annoying himself.,Those doctors weren't annoying,themselves,himself,morphology,anaphor_agreement,anaphor_number_agreement,True,True,False,True,463,NA,NA
464,Pamela could confuse herself.,Pamela could confuse themselves.,Pamela could confuse,herself,themselves,morphology,anaphor_agreement,anaphor_number_agreement,True,True,False,True,464,NA,NA
465,Allison concealed herself.,Allison concealed themselves.,Allison concealed,herself,themselves,morphology,anaphor_agreement,anaphor_number_agreement,True,True,False,True,465,NA,NA
466,A lot of patients hadn't fled from themselves.,A lot of patients hadn't fled from itself.,A lot of patients hadn't fled from,themselves,itself,morphology,anaphor_agreement,anaphor_number_agreement,True,True,False,True,466,NA,NA
467,Many people watched themselves.,Many people watched itself.,Many people watched,themselves,itself,morphology,anaphor_agreement,anaphor_number_agreement,True,True,False,True,467,NA,NA
468,Many cashiers approach themselves.,Many cashiers approach itself.,Many cashiers approach,themselves,itself,morphology,anaphor_agreement,anaphor_number_agreement,True,True,False,True,468,NA,NA
469,The Lutherans observed themselves.,The Lutherans observed itself.,The Lutherans observed,themselves,itself,morphology,anaphor_agreement,anaphor_number_agreement,True,True,False,True,469,NA,NA
470,The Clintons hadn't cured themselves.,The Clintons hadn't cured himself.,The Clintons hadn't cured,themselves,himself,morphology,anaphor_agreement,anaphor_number_agreement,True,True,False,True,470,NA,NA
471,Amy was questioning herself.,Amy was questioning themselves.,Amy was questioning,herself,themselves,morphology,anaphor_agreement,anaphor_number_agreement,True,True,False,True,471,NA,NA
472,Stacey was questioning herself.,Stacey was questioning themselves.,Stacey was questioning,herself,themselves,morphology,anaphor_agreement,anaphor_number_agreement,True,True,False,True,472,NA,NA
473,Caroline was appreciating herself.,Caroline was appreciating themselves.,Caroline was appreciating,herself,themselves,morphology,anaphor_agreement,anaphor_number_agreement,True,True,False,True,473,NA,NA
474,Harvard University impressed itself.,Harvard University impressed themselves.,Harvard University impressed,itself,themselves,morphology,anaphor_agreement,anaphor_number_agreement,True,True,False,True,474,NA,NA
475,A hospital disgusts itself.,A hospital disgusts themselves.,A hospital disgusts,itself,themselves,morphology,anaphor_agreement,anaphor_number_agreement,True,True,False,True,475,NA,NA
476,Those universities embarrassed themselves.,Those universities embarrassed herself.,Those universities embarrassed,themselves,herself,morphology,anaphor_agreement,anaphor_number_agreement,True,True,False,True,476,NA,NA
477,Rebecca shouldn't worry herself.,Rebecca shouldn't worry themselves.,Rebecca shouldn't worry,herself,themselves,morphology,anaphor_agreement,anaphor_number_agreement,True,True,False,True,477,NA,NA
478,Russell isn't questioning himself.,Russell isn't questioning themselves.,Russell isn't questioning,himself,themselves,morphology,anaphor_agreement,anaphor_number_agreement,True,True,False,True,478,NA,NA
479,Some committee should annoy itself.,Some committee should annoy themselves.,Some committee should annoy,itself,themselves,morphology,anaphor_agreement,anaphor_number_agreement,True,True,False,True,479,NA,NA
480,Those girls reveal themselves.,Those girls reveal itself.,Those girls reveal,themselves,itself,morphology,anaphor_agreement,anaphor_number_agreement,True,True,False,True,480,NA,NA
481,Some government worries itself.,Some government worries themselves.,Some government worries,itself,themselves,morphology,anaphor_agreement,anaphor_number_agreement,True,True,False,True,481,NA,NA
482,These doctors had hidden themselves.,These doctors had hidden herself.,These doctors had hidden,themselves,herself,morphology,anaphor_agreement,anaphor_number_agreement,True,True,False,True,482,NA,NA
483,Carol had hated herself.,Carol had hated themselves.,Carol had hated,herself,themselves,morphology,anaphor_agreement,anaphor_number_agreement,True,True,False,True,483,NA,NA
484,Joel wasn't appreciating himself.,Joel wasn't appreciating themselves.,Joel wasn't appreciating,himself,themselves,morphology,anaphor_agreement,anaphor_number_agreement,True,True,False,True,484,NA,NA
485,Some actors haven't aggravated themselves.,Some actors haven't aggravated itself.,Some actors haven't aggravated,themselves,itself,morphology,anaphor_agreement,anaphor_number_agreement,True,True,False,True,485,NA,NA
486,Caroline wasn't admiring herself.,Caroline wasn't admiring themselves.,Caroline wasn't admiring,herself,themselves,morphology,anaphor_agreement,anaphor_number_agreement,True,True,False,True,486,NA,NA
487,Kevin should find himself.,Kevin should find themselves.,Kevin should find,himself,themselves,morphology,anaphor_agreement,anaphor_number_agreement,True,True,False,True,487,NA,NA
488,The Lutherans do escape from themselves.,The Lutherans do escape from himself.,The Lutherans do escape from,themselves,himself,morphology,anaphor_agreement,anaphor_number_agreement,True,True,False,True,488,NA,NA
489,Roger insulted himself.,Roger insulted themselves.,Roger insulted,himself,themselves,morphology,anaphor_agreement,anaphor_number_agreement,True,True,False,True,489,NA,NA
490,Randolf had known himself.,Randolf had known themselves.,Randolf had known,himself,themselves,morphology,anaphor_agreement,anaphor_number_agreement,True,True,False,True,490,NA,NA
491,Danielle was finding herself.,Danielle was finding themselves.,Danielle was finding,herself,themselves,morphology,anaphor_agreement,anaphor_number_agreement,True,True,False,True,491,NA,NA
492,Some adults questioned themselves.,Some adults questioned himself.,Some adults questioned,themselves,himself,morphology,anaphor_agreement,anaphor_number_agreement,True,True,False,True,492,NA,NA
493,These guys will describe themselves.,These guys will describe itself.,These guys will describe,themselves,itself,morphology,anaphor_agreement,anaphor_number_agreement,True,True,False,True,493,NA,NA
494,Alan has astounded himself.,Alan has astounded themselves.,Alan has astounded,himself,themselves,morphology,anaphor_agreement,anaphor_number_agreement,True,True,False,True,494,NA,NA
495,Guys hadn't sounded like themselves.,Guys hadn't sounded like herself.,Guys hadn't sounded like,themselves,herself,morphology,anaphor_agreement,anaphor_number_agreement,True,True,False,True,495,NA,NA
496,Denise stunned herself.,Denise stunned themselves.,Denise stunned,herself,themselves,morphology,anaphor_agreement,anaphor_number_agreement,True,True,False,True,496,NA,NA
497,A lot of actresses were attacking themselves.,A lot of actresses were attacking itself.,A lot of actresses were attacking,themselves,itself,morphology,anaphor_agreement,anaphor_number_agreement,True,True,False,True,497,NA,NA
498,Jessica liked herself.,Jessica liked themselves.,Jessica liked,herself,themselves,morphology,anaphor_agreement,anaphor_number_agreement,True,True,False,True,498,NA,NA
499,Diana had listened to herself.,Diana had listened to themselves.,Diana had listened to,herself,themselves,morphology,anaphor_agreement,anaphor_number_agreement,True,True,False,True,499,NA,NA
500,The actors weren't working with themselves.,The actors weren't working with himself.,The actors weren't working with,themselves,himself,morphology,anaphor_agreement,anaphor_number_agreement,True,True,False,True,500,NA,NA
501,Some men dislike themselves.,Some men dislike itself.,Some men dislike,themselves,itself,morphology,anaphor_agreement,anaphor_number_agreement,True,True,False,True,501,NA,NA
502,Catherine wasn't talking to herself.,Catherine wasn't talking to themselves.,Catherine wasn't talking to,herself,themselves,morphology,anaphor_agreement,anaphor_number_agreement,True,True,False,True,502,NA,NA
503,The Borgias haven't appreciated themselves.,The Borgias haven't appreciated itself.,The Borgias haven't appreciated,themselves,itself,morphology,anaphor_agreement,anaphor_number_agreement,True,True,False,True,503,NA,NA
504,Kenneth was visiting himself.,Kenneth was visiting themselves.,Kenneth was visiting,himself,themselves,morphology,anaphor_agreement,anaphor_number_agreement,True,True,False,True,504,NA,NA
505,Tiffany is noticing herself.,Tiffany is noticing themselves.,Tiffany is noticing,herself,themselves,morphology,anaphor_agreement,anaphor_number_agreement,True,True,False,True,505,NA,NA
506,The students boasted about themselves.,The students boasted about himself.,The students boasted about,themselves,himself,morphology,anaphor_agreement,anaphor_number_agreement,True,True,False,True,506,NA,NA
507,Many women hate themselves.,Many women hate itself.,Many women hate,themselves,itself,morphology,anaphor_agreement,anaphor_number_agreement,True,True,False,True,507,NA,NA
508,Gary thought about himself.,Gary thought about themselves.,Gary thought about,himself,themselves,morphology,anaphor_agreement,anaphor_number_agreement,True,True,False,True,508,NA,NA
509,Mary returned to herself.,Mary returned to themselves.,Mary returned to,herself,themselves,morphology,anaphor_agreement,anaphor_number_agreement,True,True,False,True,509,NA,NA
510,All doctors help themselves.,All doctors help itself.,All doctors help,themselves,itself,morphology,anaphor_agreement,anaphor_number_agreement,True,True,False,True,510,NA,NA
511,Every waitress has observed herself.,Every waitress has observed themselves.,Every waitress has observed,herself,themselves,morphology,anaphor_agreement,anaphor_number_agreement,True,True,False,True,511,NA,NA
512,Liam hadn't astounded himself.,Liam hadn't astounded themselves.,Liam hadn't astounded,himself,themselves,morphology,anaphor_agreement,anaphor_number_agreement,True,True,False,True,512,NA,NA
513,Larry is describing himself.,Larry is describing themselves.,Larry is describing,himself,themselves,morphology,anaphor_agreement,anaphor_number_agreement,True,True,False,True,513,NA,NA
514,Some girls investigate themselves.,Some girls investigate itself.,Some girls investigate,themselves,itself,morphology,anaphor_agreement,anaphor_number_agreement,True,True,False,True,514,NA,NA
515,Tammy might insult herself.,Tammy might insult themselves.,Tammy might insult,herself,themselves,morphology,anaphor_agreement,anaphor_number_agreement,True,True,False,True,515,NA,NA
516,Veronica doesn't irritate herself.,Veronica doesn't irritate themselves.,Veronica doesn't irritate,herself,themselves,morphology,anaphor_agreement,anaphor_number_agreement,True,True,False,True,516,NA,NA
517,Waiters concealed themselves.,Waiters concealed itself.,Waiters concealed,themselves,itself,morphology,anaphor_agreement,anaphor_number_agreement,True,True,False,True,517,NA,NA
518,Mitchell wasn't disturbing himself.,Mitchell wasn't disturbing themselves.,Mitchell wasn't disturbing,himself,themselves,morphology,anaphor_agreement,anaphor_number_agreement,True,True,False,True,518,NA,NA
519,All people work with themselves.,All people work with himself.,All people work with,themselves,himself,morphology,anaphor_agreement,anaphor_number_agreement,True,True,False,True,519,NA,NA
520,Chad wasn't working with himself.,Chad wasn't working with themselves.,Chad wasn't working with,himself,themselves,morphology,anaphor_agreement,anaphor_number_agreement,True,True,False,True,520,NA,NA
521,Some girls approach themselves.,Some girls approach itself.,Some girls approach,themselves,itself,morphology,anaphor_agreement,anaphor_number_agreement,True,True,False,True,521,NA,NA
522,These drivers couldn't conceal themselves.,These drivers couldn't conceal itself.,These drivers couldn't conceal,themselves,itself,morphology,anaphor_agreement,anaphor_number_agreement,True,True,False,True,522,NA,NA
523,Candice is revealing herself.,Candice is revealing themselves.,Candice is revealing,herself,themselves,morphology,anaphor_agreement,anaphor_number_agreement,True,True,False,True,523,NA,NA
524,Ella kissed herself.,Ella kissed themselves.,Ella kissed,herself,themselves,morphology,anaphor_agreement,anaphor_number_agreement,True,True,False,True,524,NA,NA
525,Most teachers have disliked themselves.,Most teachers have disliked itself.,Most teachers have disliked,themselves,itself,morphology,anaphor_agreement,anaphor_number_agreement,True,True,False,True,525,NA,NA
526,Sally had investigated herself.,Sally had investigated themselves.,Sally had investigated,herself,themselves,morphology,anaphor_agreement,anaphor_number_agreement,True,True,False,True,526,NA,NA
527,Many banks have discussed themselves.,Many banks have discussed herself.,Many banks have discussed,themselves,herself,morphology,anaphor_agreement,anaphor_number_agreement,True,True,False,True,527,NA,NA
528,The Lutherans disliked themselves.,The Lutherans disliked itself.,The Lutherans disliked,themselves,itself,morphology,anaphor_agreement,anaphor_number_agreement,True,True,False,True,528,NA,NA
529,Teenagers would love themselves.,Teenagers would love itself.,Teenagers would love,themselves,itself,morphology,anaphor_agreement,anaphor_number_agreement,True,True,False,True,529,NA,NA
530,Allison hasn't noticed herself.,Allison hasn't noticed themselves.,Allison hasn't noticed,herself,themselves,morphology,anaphor_agreement,anaphor_number_agreement,True,True,False,True,530,NA,NA
531,Ladies had referenced themselves.,Ladies had referenced herself.,Ladies had referenced,themselves,herself,morphology,anaphor_agreement,anaphor_number_agreement,True,True,False,True,531,NA,NA
532,Some dancers insult themselves.,Some dancers insult itself.,Some dancers insult,themselves,itself,morphology,anaphor_agreement,anaphor_number_agreement,True,True,False,True,532,NA,NA
533,David had hurt himself.,David had hurt themselves.,David had hurt,himself,themselves,morphology,anaphor_agreement,anaphor_number_agreement,True,True,False,True,533,NA,NA
534,Chad fired himself.,Chad fired themselves.,Chad fired,himself,themselves,morphology,anaphor_agreement,anaphor_number_agreement,True,True,False,True,534,NA,NA
535,The actors hadn't concealed themselves.,The actors hadn't concealed himself.,The actors hadn't concealed,themselves,himself,morphology,anaphor_agreement,anaphor_number_agreement,True,True,False,True,535,NA,NA
536,Kristin is praising herself.,Kristin is praising themselves.,Kristin is praising,herself,themselves,morphology,anaphor_agreement,anaphor_number_agreement,True,True,False,True,536,NA,NA
537,Irene had bored herself.,Irene had bored themselves.,Irene had bored,herself,themselves,morphology,anaphor_agreement,anaphor_number_agreement,True,True,False,True,537,NA,NA
538,Peter noticed himself.,Peter noticed themselves.,Peter noticed,himself,themselves,morphology,anaphor_agreement,anaphor_number_agreement,True,True,False,True,538,NA,NA
539,Adults hadn't hidden themselves.,Adults hadn't hidden herself.,Adults hadn't hidden,themselves,herself,morphology,anaphor_agreement,anaphor_number_agreement,True,True,False,True,539,NA,NA
540,Those waiters watch themselves.,Those waiters watch himself.,Those waiters watch,themselves,himself,morphology,anaphor_agreement,anaphor_number_agreement,True,True,False,True,540,NA,NA
541,Most children didn't boast about themselves.,Most children didn't boast about herself.,Most children didn't boast about,themselves,herself,morphology,anaphor_agreement,anaphor_number_agreement,True,True,False,True,541,NA,NA
542,Clyde has hated himself.,Clyde has hated themselves.,Clyde has hated,himself,themselves,morphology,anaphor_agreement,anaphor_number_agreement,True,True,False,True,542,NA,NA
543,Alan bored himself.,Alan bored themselves.,Alan bored,himself,themselves,morphology,anaphor_agreement,anaphor_number_agreement,True,True,False,True,543,NA,NA
544,Carolyn isn't visiting herself.,Carolyn isn't visiting themselves.,Carolyn isn't visiting,herself,themselves,morphology,anaphor_agreement,anaphor_number_agreement,True,True,False,True,544,NA,NA
545,Jacqueline has bored herself.,Jacqueline has bored themselves.,Jacqueline has bored,herself,themselves,morphology,anaphor_agreement,anaphor_number_agreement,True,True,False,True,545,NA,NA
546,Carlos referenced himself.,Carlos referenced themselves.,Carlos referenced,himself,themselves,morphology,anaphor_agreement,anaphor_number_agreement,True,True,False,True,546,NA,NA
547,These teenagers can't discover themselves.,These teenagers can't discover herself.,These teenagers can't discover,themselves,herself,morphology,anaphor_agreement,anaphor_number_agreement,True,True,False,True,547,NA,NA
548,Those women weren't impressing themselves.,Those women weren't impressing herself.,Those women weren't impressing,themselves,herself,morphology,anaphor_agreement,anaphor_number_agreement,True,True,False,True,548,NA,NA
549,These drivers questioned themselves.,These drivers questioned himself.,These drivers questioned,themselves,himself,morphology,anaphor_agreement,anaphor_number_agreement,True,True,False,True,549,NA,NA
550,The girls discovered themselves.,The girls discovered herself.,The girls discovered,themselves,herself,morphology,anaphor_agreement,anaphor_number_agreement,True,True,False,True,550,NA,NA
551,Cheryl couldn't care for herself.,Cheryl couldn't care for themselves.,Cheryl couldn't care for,herself,themselves,morphology,anaphor_agreement,anaphor_number_agreement,True,True,False,True,551,NA,NA
552,Most stories disagreed with themselves.,Most stories disagreed with himself.,Most stories disagreed with,themselves,himself,morphology,anaphor_agreement,anaphor_number_agreement,True,True,False,True,552,NA,NA
553,Walter could know himself.,Walter could know themselves.,Walter could know,himself,themselves,morphology,anaphor_agreement,anaphor_number_agreement,True,True,False,True,553,NA,NA
554,Every library impresses itself.,Every library impresses themselves.,Every library impresses,itself,themselves,morphology,anaphor_agreement,anaphor_number_agreement,True,True,False,True,554,NA,NA
555,Michelle hasn't concealed herself.,Michelle hasn't concealed themselves.,Michelle hasn't concealed,herself,themselves,morphology,anaphor_agreement,anaphor_number_agreement,True,True,False,True,555,NA,NA
556,Linda stunned herself.,Linda stunned themselves.,Linda stunned,herself,themselves,morphology,anaphor_agreement,anaphor_number_agreement,True,True,False,True,556,NA,NA
557,Some men were approaching themselves.,Some men were approaching herself.,Some men were approaching,themselves,herself,morphology,anaphor_agreement,anaphor_number_agreement,True,True,False,True,557,NA,NA
558,All ladies work with themselves.,All ladies work with itself.,All ladies work with,themselves,itself,morphology,anaphor_agreement,anaphor_number_agreement,True,True,False,True,558,NA,NA
559,Those guys have concealed themselves.,Those guys have concealed itself.,Those guys have concealed,themselves,itself,morphology,anaphor_agreement,anaphor_number_agreement,True,True,False,True,559,NA,NA
560,Homer can find himself.,Homer can find themselves.,Homer can find,himself,themselves,morphology,anaphor_agreement,anaphor_number_agreement,True,True,False,True,560,NA,NA
561,Those pedestrians bored themselves.,Those pedestrians bored himself.,Those pedestrians bored,themselves,himself,morphology,anaphor_agreement,anaphor_number_agreement,True,True,False,True,561,NA,NA
562,Sandra could upset herself.,Sandra could upset themselves.,Sandra could upset,herself,themselves,morphology,anaphor_agreement,anaphor_number_agreement,True,True,False,True,562,NA,NA
563,Heidi has distracted herself.,Heidi has distracted themselves.,Heidi has distracted,herself,themselves,morphology,anaphor_agreement,anaphor_number_agreement,True,True,False,True,563,NA,NA
564,Peter isn't kissing himself.,Peter isn't kissing themselves.,Peter isn't kissing,himself,themselves,morphology,anaphor_agreement,anaphor_number_agreement,True,True,False,True,564,NA,NA
565,These students aren't aggravating themselves.,These students aren't aggravating itself.,These students aren't aggravating,themselves,itself,morphology,anaphor_agreement,anaphor_number_agreement,True,True,False,True,565,NA,NA
566,Guy bothered himself.,Guy bothered themselves.,Guy bothered,himself,themselves,morphology,anaphor_agreement,anaphor_number_agreement,True,True,False,True,566,NA,NA
567,Tara wasn't concealing herself.,Tara wasn't concealing themselves.,Tara wasn't concealing,herself,themselves,morphology,anaphor_agreement,anaphor_number_agreement,True,True,False,True,567,NA,NA
568,Most teachers concealed themselves.,Most teachers concealed himself.,Most teachers concealed,themselves,himself,morphology,anaphor_agreement,anaphor_number_agreement,True,True,False,True,568,NA,NA
569,The university can't astound itself.,The university can't astound themselves.,The university can't astound,itself,themselves,morphology,anaphor_agreement,anaphor_number_agreement,True,True,False,True,569,NA,NA
570,Some waiters do visit themselves.,Some waiters do visit itself.,Some waiters do visit,themselves,itself,morphology,anaphor_agreement,anaphor_number_agreement,True,True,False,True,570,NA,NA
571,Those cashiers have concealed themselves.,Those cashiers have concealed himself.,Those cashiers have concealed,themselves,himself,morphology,anaphor_agreement,anaphor_number_agreement,True,True,False,True,571,NA,NA
572,The children can know themselves.,The children can know itself.,The children can know,themselves,itself,morphology,anaphor_agreement,anaphor_number_agreement,True,True,False,True,572,NA,NA
573,Jacqueline couldn't love herself.,Jacqueline couldn't love themselves.,Jacqueline couldn't love,herself,themselves,morphology,anaphor_agreement,anaphor_number_agreement,True,True,False,True,573,NA,NA
574,All drivers would praise themselves.,All drivers would praise herself.,All drivers would praise,themselves,herself,morphology,anaphor_agreement,anaphor_number_agreement,True,True,False,True,574,NA,NA
575,Catherine does complain about herself.,Catherine does complain about themselves.,Catherine does complain about,herself,themselves,morphology,anaphor_agreement,anaphor_number_agreement,True,True,False,True,575,NA,NA
576,Beth had upset herself.,Beth had upset themselves.,Beth had upset,herself,themselves,morphology,anaphor_agreement,anaphor_number_agreement,True,True,False,True,576,NA,NA
577,These senators had seen themselves.,These senators had seen herself.,These senators had seen,themselves,herself,morphology,anaphor_agreement,anaphor_number_agreement,True,True,False,True,577,NA,NA
578,Those schools don't irritate themselves.,Those schools don't irritate itself.,Those schools don't irritate,themselves,itself,morphology,anaphor_agreement,anaphor_number_agreement,True,True,False,True,578,NA,NA
579,Waitresses irritate themselves.,Waitresses irritate himself.,Waitresses irritate,themselves,himself,morphology,anaphor_agreement,anaphor_number_agreement,True,True,False,True,579,NA,NA
580,A lot of teenagers have visited themselves.,A lot of teenagers have visited himself.,A lot of teenagers have visited,themselves,himself,morphology,anaphor_agreement,anaphor_number_agreement,True,True,False,True,580,NA,NA
581,All adults worked with themselves.,All adults worked with herself.,All adults worked with,themselves,herself,morphology,anaphor_agreement,anaphor_number_agreement,True,True,False,True,581,NA,NA
582,The teenagers scared themselves.,The teenagers scared itself.,The teenagers scared,themselves,itself,morphology,anaphor_agreement,anaphor_number_agreement,True,True,False,True,582,NA,NA
583,Valerie wasn't embarrassing herself.,Valerie wasn't embarrassing themselves.,Valerie wasn't embarrassing,herself,themselves,morphology,anaphor_agreement,anaphor_number_agreement,True,True,False,True,583,NA,NA
584,Rhonda does flee from herself.,Rhonda does flee from themselves.,Rhonda does flee from,herself,themselves,morphology,anaphor_agreement,anaphor_number_agreement,True,True,False,True,584,NA,NA
585,All patients care for themselves.,All patients care for herself.,All patients care for,themselves,herself,morphology,anaphor_agreement,anaphor_number_agreement,True,True,False,True,585,NA,NA
586,Sara can visit herself.,Sara can visit themselves.,Sara can visit,herself,themselves,morphology,anaphor_agreement,anaphor_number_agreement,True,True,False,True,586,NA,NA
587,All doctors wouldn't distract themselves.,All doctors wouldn't distract herself.,All doctors wouldn't distract,themselves,herself,morphology,anaphor_agreement,anaphor_number_agreement,True,True,False,True,587,NA,NA
588,Russell sounds like himself.,Russell sounds like themselves.,Russell sounds like,himself,themselves,morphology,anaphor_agreement,anaphor_number_agreement,True,True,False,True,588,NA,NA
589,All actresses approached themselves.,All actresses approached himself.,All actresses approached,themselves,himself,morphology,anaphor_agreement,anaphor_number_agreement,True,True,False,True,589,NA,NA
590,These people had revealed themselves.,These people had revealed himself.,These people had revealed,themselves,himself,morphology,anaphor_agreement,anaphor_number_agreement,True,True,False,True,590,NA,NA
591,James isn't talking to himself.,James isn't talking to themselves.,James isn't talking to,himself,themselves,morphology,anaphor_agreement,anaphor_number_agreement,True,True,False,True,591,NA,NA
592,Jennifer is concealing herself.,Jennifer is concealing themselves.,Jennifer is concealing,herself,themselves,morphology,anaphor_agreement,anaphor_number_agreement,True,True,False,True,592,NA,NA
593,Debra is discovering herself.,Debra is discovering themselves.,Debra is discovering,herself,themselves,morphology,anaphor_agreement,anaphor_number_agreement,True,True,False,True,593,NA,NA
594,Brett thought about himself.,Brett thought about themselves.,Brett thought about,himself,themselves,morphology,anaphor_agreement,anaphor_number_agreement,True,True,False,True,594,NA,NA
595,Jane had upset herself.,Jane had upset themselves.,Jane had upset,herself,themselves,morphology,anaphor_agreement,anaphor_number_agreement,True,True,False,True,595,NA,NA
596,All doctors haven't respected themselves.,All doctors haven't respected itself.,All doctors haven't respected,themselves,itself,morphology,anaphor_agreement,anaphor_number_agreement,True,True,False,True,596,NA,NA
597,Marla won't hurt herself.,Marla won't hurt themselves.,Marla won't hurt,herself,themselves,morphology,anaphor_agreement,anaphor_number_agreement,True,True,False,True,597,NA,NA
598,These cashiers aren't concealing themselves.,These cashiers aren't concealing himself.,These cashiers aren't concealing,themselves,himself,morphology,anaphor_agreement,anaphor_number_agreement,True,True,False,True,598,NA,NA
599,The Impressionists haven't respected themselves.,The Impressionists haven't respected itself.,The Impressionists haven't respected,themselves,itself,morphology,anaphor_agreement,anaphor_number_agreement,True,True,False,True,599,NA,NA
600,Teresa has remembered herself.,Teresa has remembered themselves.,Teresa has remembered,herself,themselves,morphology,anaphor_agreement,anaphor_number_agreement,True,True,False,True,600,NA,NA
601,Jessica had fired herself.,Jessica had fired themselves.,Jessica had fired,herself,themselves,morphology,anaphor_agreement,anaphor_number_agreement,True,True,False,True,601,NA,NA
602,Mark doesn't flee from himself.,Mark doesn't flee from themselves.,Mark doesn't flee from,himself,themselves,morphology,anaphor_agreement,anaphor_number_agreement,True,True,False,True,602,NA,NA
603,Some museum distracted itself.,Some museum distracted themselves.,Some museum distracted,itself,themselves,morphology,anaphor_agreement,anaphor_number_agreement,True,True,False,True,603,NA,NA
604,Most children aren't upsetting themselves.,Most children aren't upsetting herself.,Most children aren't upsetting,themselves,herself,morphology,anaphor_agreement,anaphor_number_agreement,True,True,False,True,604,NA,NA
605,The company upsets itself.,The company upsets themselves.,The company upsets,itself,themselves,morphology,anaphor_agreement,anaphor_number_agreement,True,True,False,True,605,NA,NA
606,Noah would conceal himself.,Noah would conceal themselves.,Noah would conceal,himself,themselves,morphology,anaphor_agreement,anaphor_number_agreement,True,True,False,True,606,NA,NA
607,Kendra might shock herself.,Kendra might shock themselves.,Kendra might shock,herself,themselves,morphology,anaphor_agreement,anaphor_number_agreement,True,True,False,True,607,NA,NA
608,The teachers weren't arguing about themselves.,The teachers weren't arguing about itself.,The teachers weren't arguing about,themselves,itself,morphology,anaphor_agreement,anaphor_number_agreement,True,True,False,True,608,NA,NA
609,Most universities upset themselves.,Most universities upset himself.,Most universities upset,themselves,himself,morphology,anaphor_agreement,anaphor_number_agreement,True,True,False,True,609,NA,NA
610,Some bank distracts itself.,Some bank distracts themselves.,Some bank distracts,itself,themselves,morphology,anaphor_agreement,anaphor_number_agreement,True,True,False,True,610,NA,NA
611,These students don't boast about themselves.,These students don't boast about itself.,These students don't boast about,themselves,itself,morphology,anaphor_agreement,anaphor_number_agreement,True,True,False,True,611,NA,NA
612,Candice shouldn't know herself.,Candice shouldn't know themselves.,Candice shouldn't know,herself,themselves,morphology,anaphor_agreement,anaphor_number_agreement,True,True,False,True,612,NA,NA
613,Melinda concealed herself.,Melinda concealed themselves.,Melinda concealed,herself,themselves,morphology,anaphor_agreement,anaphor_number_agreement,True,True,False,True,613,NA,NA
614,Natalie wouldn't hurt herself.,Natalie wouldn't hurt themselves.,Natalie wouldn't hurt,herself,themselves,morphology,anaphor_agreement,anaphor_number_agreement,True,True,False,True,614,NA,NA
615,Sandra fled from herself.,Sandra fled from themselves.,Sandra fled from,herself,themselves,morphology,anaphor_agreement,anaphor_number_agreement,True,True,False,True,615,NA,NA
616,April kissed herself.,April kissed themselves.,April kissed,herself,themselves,morphology,anaphor_agreement,anaphor_number_agreement,True,True,False,True,616,NA,NA
617,Travis approached himself.,Travis approached themselves.,Travis approached,himself,themselves,morphology,anaphor_agreement,anaphor_number_agreement,True,True,False,True,617,NA,NA
618,A lot of senators watched themselves.,A lot of senators watched herself.,A lot of senators watched,themselves,herself,morphology,anaphor_agreement,anaphor_number_agreement,True,True,False,True,618,NA,NA
619,Grace cared for herself.,Grace cared for themselves.,Grace cared for,herself,themselves,morphology,anaphor_agreement,anaphor_number_agreement,True,True,False,True,619,NA,NA
620,That company annoys itself.,That company annoys themselves.,That company annoys,itself,themselves,morphology,anaphor_agreement,anaphor_number_agreement,True,True,False,True,620,NA,NA
621,Teenagers were working with themselves.,Teenagers were working with itself.,Teenagers were working with,themselves,itself,morphology,anaphor_agreement,anaphor_number_agreement,True,True,False,True,621,NA,NA
622,Children haven't appreciated themselves.,Children haven't appreciated himself.,Children haven't appreciated,themselves,himself,morphology,anaphor_agreement,anaphor_number_agreement,True,True,False,True,622,NA,NA
623,Candice isn't visiting herself.,Candice isn't visiting themselves.,Candice isn't visiting,herself,themselves,morphology,anaphor_agreement,anaphor_number_agreement,True,True,False,True,623,NA,NA
624,Many libraries are stunning themselves.,Many libraries are stunning herself.,Many libraries are stunning,themselves,herself,morphology,anaphor_agreement,anaphor_number_agreement,True,True,False,True,624,NA,NA
625,Matt doesn't find himself.,Matt doesn't find themselves.,Matt doesn't find,himself,themselves,morphology,anaphor_agreement,anaphor_number_agreement,True,True,False,True,625,NA,NA
626,The girls hadn't scared themselves.,The girls hadn't scared himself.,The girls hadn't scared,themselves,himself,morphology,anaphor_agreement,anaphor_number_agreement,True,True,False,True,626,NA,NA
627,Tiffany isn't criticizing herself.,Tiffany isn't criticizing themselves.,Tiffany isn't criticizing,herself,themselves,morphology,anaphor_agreement,anaphor_number_agreement,True,True,False,True,627,NA,NA
628,Bill can reference himself.,Bill can reference themselves.,Bill can reference,himself,themselves,morphology,anaphor_agreement,anaphor_number_agreement,True,True,False,True,628,NA,NA
629,Spain worries itself.,Spain worries themselves.,Spain worries,itself,themselves,morphology,anaphor_agreement,anaphor_number_agreement,True,True,False,True,629,NA,NA
630,Lawrence had thought about himself.,Lawrence had thought about themselves.,Lawrence had thought about,himself,themselves,morphology,anaphor_agreement,anaphor_number_agreement,True,True,False,True,630,NA,NA
631,Connie isn't boasting about herself.,Connie isn't boasting about themselves.,Connie isn't boasting about,herself,themselves,morphology,anaphor_agreement,anaphor_number_agreement,True,True,False,True,631,NA,NA
632,Todd isn't revealing himself.,Todd isn't revealing themselves.,Todd isn't revealing,himself,themselves,morphology,anaphor_agreement,anaphor_number_agreement,True,True,False,True,632,NA,NA
633,Mark had talked about himself.,Mark had talked about themselves.,Mark had talked about,himself,themselves,morphology,anaphor_agreement,anaphor_number_agreement,True,True,False,True,633,NA,NA
634,The Borgias were escaping from themselves.,The Borgias were escaping from himself.,The Borgias were escaping from,themselves,himself,morphology,anaphor_agreement,anaphor_number_agreement,True,True,False,True,634,NA,NA
635,Phillip hasn't impressed himself.,Phillip hasn't impressed themselves.,Phillip hasn't impressed,himself,themselves,morphology,anaphor_agreement,anaphor_number_agreement,True,True,False,True,635,NA,NA
636,Beverly hated herself.,Beverly hated themselves.,Beverly hated,herself,themselves,morphology,anaphor_agreement,anaphor_number_agreement,True,True,False,True,636,NA,NA
637,Students are working with themselves.,Students are working with itself.,Students are working with,themselves,itself,morphology,anaphor_agreement,anaphor_number_agreement,True,True,False,True,637,NA,NA
638,The Clintons shouldn't conceal themselves.,The Clintons shouldn't conceal himself.,The Clintons shouldn't conceal,themselves,himself,morphology,anaphor_agreement,anaphor_number_agreement,True,True,False,True,638,NA,NA
639,These men kiss themselves.,These men kiss herself.,These men kiss,themselves,herself,morphology,anaphor_agreement,anaphor_number_agreement,True,True,False,True,639,NA,NA
640,That play isn't disagreeing with itself.,That play isn't disagreeing with themselves.,That play isn't disagreeing with,itself,themselves,morphology,anaphor_agreement,anaphor_number_agreement,True,True,False,True,640,NA,NA
641,Guests haven't questioned themselves.,Guests haven't questioned herself.,Guests haven't questioned,themselves,herself,morphology,anaphor_agreement,anaphor_number_agreement,True,True,False,True,641,NA,NA
642,James distracted himself.,James distracted themselves.,James distracted,himself,themselves,morphology,anaphor_agreement,anaphor_number_agreement,True,True,False,True,642,NA,NA
643,Most girls knew themselves.,Most girls knew himself.,Most girls knew,themselves,himself,morphology,anaphor_agreement,anaphor_number_agreement,True,True,False,True,643,NA,NA
644,All men can hug themselves.,All men can hug himself.,All men can hug,themselves,himself,morphology,anaphor_agreement,anaphor_number_agreement,True,True,False,True,644,NA,NA
645,Those actors admired themselves.,Those actors admired itself.,Those actors admired,themselves,itself,morphology,anaphor_agreement,anaphor_number_agreement,True,True,False,True,645,NA,NA
646,A documentary should disagree with itself.,A documentary should disagree with themselves.,A documentary should disagree with,itself,themselves,morphology,anaphor_agreement,anaphor_number_agreement,True,True,False,True,646,NA,NA
647,The guy had admired himself.,The guy had admired themselves.,The guy had admired,himself,themselves,morphology,anaphor_agreement,anaphor_number_agreement,True,True,False,True,647,NA,NA
648,Dancers sounded like themselves.,Dancers sounded like herself.,Dancers sounded like,themselves,herself,morphology,anaphor_agreement,anaphor_number_agreement,True,True,False,True,648,NA,NA
649,Lissa might notice herself.,Lissa might notice themselves.,Lissa might notice,herself,themselves,morphology,anaphor_agreement,anaphor_number_agreement,True,True,False,True,649,NA,NA
650,Some essay is disagreeing with itself.,Some essay is disagreeing with themselves.,Some essay is disagreeing with,itself,themselves,morphology,anaphor_agreement,anaphor_number_agreement,True,True,False,True,650,NA,NA
651,Susan wasn't talking about herself.,Susan wasn't talking about themselves.,Susan wasn't talking about,herself,themselves,morphology,anaphor_agreement,anaphor_number_agreement,True,True,False,True,651,NA,NA
652,Amanda would stun herself.,Amanda would stun themselves.,Amanda would stun,herself,themselves,morphology,anaphor_agreement,anaphor_number_agreement,True,True,False,True,652,NA,NA
653,Melanie would reference herself.,Melanie would reference themselves.,Melanie would reference,herself,themselves,morphology,anaphor_agreement,anaphor_number_agreement,True,True,False,True,653,NA,NA
654,The cashiers help themselves.,The cashiers help herself.,The cashiers help,themselves,herself,morphology,anaphor_agreement,anaphor_number_agreement,True,True,False,True,654,NA,NA
655,The adults can return to themselves.,The adults can return to itself.,The adults can return to,themselves,itself,morphology,anaphor_agreement,anaphor_number_agreement,True,True,False,True,655,NA,NA
656,Holly hadn't worked with herself.,Holly hadn't worked with themselves.,Holly hadn't worked with,herself,themselves,morphology,anaphor_agreement,anaphor_number_agreement,True,True,False,True,656,NA,NA
657,Jessica won't impress herself.,Jessica won't impress themselves.,Jessica won't impress,herself,themselves,morphology,anaphor_agreement,anaphor_number_agreement,True,True,False,True,657,NA,NA
658,A lot of waitresses astound themselves.,A lot of waitresses astound itself.,A lot of waitresses astound,themselves,itself,morphology,anaphor_agreement,anaphor_number_agreement,True,True,False,True,658,NA,NA
659,A lot of actors might visit themselves.,A lot of actors might visit herself.,A lot of actors might visit,themselves,herself,morphology,anaphor_agreement,anaphor_number_agreement,True,True,False,True,659,NA,NA
660,Actresses hadn't hidden themselves.,Actresses hadn't hidden himself.,Actresses hadn't hidden,themselves,himself,morphology,anaphor_agreement,anaphor_number_agreement,True,True,False,True,660,NA,NA
661,Those adults hadn't irritated themselves.,Those adults hadn't irritated itself.,Those adults hadn't irritated,themselves,itself,morphology,anaphor_agreement,anaphor_number_agreement,True,True,False,True,661,NA,NA
662,Some actresses discover themselves.,Some actresses discover herself.,Some actresses discover,themselves,herself,morphology,anaphor_agreement,anaphor_number_agreement,True,True,False,True,662,NA,NA
663,Stephanie couldn't talk to herself.,Stephanie couldn't talk to themselves.,Stephanie couldn't talk to,herself,themselves,morphology,anaphor_agreement,anaphor_number_agreement,True,True,False,True,663,NA,NA
664,Many universities haven't worried themselves.,Many universities haven't worried himself.,Many universities haven't worried,themselves,himself,morphology,anaphor_agreement,anaphor_number_agreement,True,True,False,True,664,NA,NA
665,Dancers hated themselves.,Dancers hated himself.,Dancers hated,themselves,himself,morphology,anaphor_agreement,anaphor_number_agreement,True,True,False,True,665,NA,NA
666,Homer hadn't remembered himself.,Homer hadn't remembered themselves.,Homer hadn't remembered,himself,themselves,morphology,anaphor_agreement,anaphor_number_agreement,True,True,False,True,666,NA,NA
667,All actors wouldn't forget themselves.,All actors wouldn't forget itself.,All actors wouldn't forget,themselves,itself,morphology,anaphor_agreement,anaphor_number_agreement,True,True,False,True,667,NA,NA
668,A lot of girls hadn't hidden themselves.,A lot of girls hadn't hidden himself.,A lot of girls hadn't hidden,themselves,himself,morphology,anaphor_agreement,anaphor_number_agreement,True,True,False,True,668,NA,NA
669,All dancers discussed themselves.,All dancers discussed herself.,All dancers discussed,themselves,herself,morphology,anaphor_agreement,anaphor_number_agreement,True,True,False,True,669,NA,NA
670,Dana impressed herself.,Dana impressed themselves.,Dana impressed,herself,themselves,morphology,anaphor_agreement,anaphor_number_agreement,True,True,False,True,670,NA,NA
671,Some waitress did discuss herself.,Some waitress did discuss themselves.,Some waitress did discuss,herself,themselves,morphology,anaphor_agreement,anaphor_number_agreement,True,True,False,True,671,NA,NA
672,Heather wasn't healing herself.,Heather wasn't healing themselves.,Heather wasn't healing,herself,themselves,morphology,anaphor_agreement,anaphor_number_agreement,True,True,False,True,672,NA,NA
673,Some ladies aren't worrying themselves.,Some ladies aren't worrying herself.,Some ladies aren't worrying,themselves,herself,morphology,anaphor_agreement,anaphor_number_agreement,True,True,False,True,673,NA,NA
674,A lot of drivers fired themselves.,A lot of drivers fired itself.,A lot of drivers fired,themselves,itself,morphology,anaphor_agreement,anaphor_number_agreement,True,True,False,True,674,NA,NA
675,Most committees had astounded themselves.,Most committees had astounded itself.,Most committees had astounded,themselves,itself,morphology,anaphor_agreement,anaphor_number_agreement,True,True,False,True,675,NA,NA
676,Most adults disgusted themselves.,Most adults disgusted himself.,Most adults disgusted,themselves,himself,morphology,anaphor_agreement,anaphor_number_agreement,True,True,False,True,676,NA,NA
677,Many cashiers cured themselves.,Many cashiers cured himself.,Many cashiers cured,themselves,himself,morphology,anaphor_agreement,anaphor_number_agreement,True,True,False,True,677,NA,NA
678,Debra was scaring herself.,Debra was scaring themselves.,Debra was scaring,herself,themselves,morphology,anaphor_agreement,anaphor_number_agreement,True,True,False,True,678,NA,NA
679,Some universities aren't bothering themselves.,Some universities aren't bothering himself.,Some universities aren't bothering,themselves,himself,morphology,anaphor_agreement,anaphor_number_agreement,True,True,False,True,679,NA,NA
680,Vincent astounded himself.,Vincent astounded themselves.,Vincent astounded,himself,themselves,morphology,anaphor_agreement,anaphor_number_agreement,True,True,False,True,680,NA,NA
681,Those students could return to themselves.,Those students could return to herself.,Those students could return to,themselves,herself,morphology,anaphor_agreement,anaphor_number_agreement,True,True,False,True,681,NA,NA
682,Alice might confuse herself.,Alice might confuse themselves.,Alice might confuse,herself,themselves,morphology,anaphor_agreement,anaphor_number_agreement,True,True,False,True,682,NA,NA
683,All cashiers aggravated themselves.,All cashiers aggravated itself.,All cashiers aggravated,themselves,itself,morphology,anaphor_agreement,anaphor_number_agreement,True,True,False,True,683,NA,NA
684,Deborah can't conceal herself.,Deborah can't conceal themselves.,Deborah can't conceal,herself,themselves,morphology,anaphor_agreement,anaphor_number_agreement,True,True,False,True,684,NA,NA
685,A lot of drivers return to themselves.,A lot of drivers return to itself.,A lot of drivers return to,themselves,itself,morphology,anaphor_agreement,anaphor_number_agreement,True,True,False,True,685,NA,NA
686,Carlos had discussed himself.,Carlos had discussed themselves.,Carlos had discussed,himself,themselves,morphology,anaphor_agreement,anaphor_number_agreement,True,True,False,True,686,NA,NA
687,A lot of girls can watch themselves.,A lot of girls can watch herself.,A lot of girls can watch,themselves,herself,morphology,anaphor_agreement,anaphor_number_agreement,True,True,False,True,687,NA,NA
688,Karla hadn't hurt herself.,Karla hadn't hurt themselves.,Karla hadn't hurt,herself,themselves,morphology,anaphor_agreement,anaphor_number_agreement,True,True,False,True,688,NA,NA
689,Jessica escaped from herself.,Jessica escaped from themselves.,Jessica escaped from,herself,themselves,morphology,anaphor_agreement,anaphor_number_agreement,True,True,False,True,689,NA,NA
690,The Impressionists weren't appreciating themselves.,The Impressionists weren't appreciating herself.,The Impressionists weren't appreciating,themselves,herself,morphology,anaphor_agreement,anaphor_number_agreement,True,True,False,True,690,NA,NA
691,Carl can bother himself.,Carl can bother themselves.,Carl can bother,himself,themselves,morphology,anaphor_agreement,anaphor_number_agreement,True,True,False,True,691,NA,NA
692,Tamara hasn't kissed herself.,Tamara hasn't kissed themselves.,Tamara hasn't kissed,herself,themselves,morphology,anaphor_agreement,anaphor_number_agreement,True,True,False,True,692,NA,NA
693,Edward couldn't praise himself.,Edward couldn't praise themselves.,Edward couldn't praise,himself,themselves,morphology,anaphor_agreement,anaphor_number_agreement,True,True,False,True,693,NA,NA
694,Most guys might stun themselves.,Most guys might stun itself.,Most guys might stun,themselves,itself,morphology,anaphor_agreement,anaphor_number_agreement,True,True,False,True,694,NA,NA
695,A lot of teachers will worry themselves.,A lot of teachers will worry itself.,A lot of teachers will worry,themselves,itself,morphology,anaphor_agreement,anaphor_number_agreement,True,True,False,True,695,NA,NA
696,Brenda wasn't concealing herself.,Brenda wasn't concealing themselves.,Brenda wasn't concealing,herself,themselves,morphology,anaphor_agreement,anaphor_number_agreement,True,True,False,True,696,NA,NA
697,A lot of women would flee from themselves.,A lot of women would flee from itself.,A lot of women would flee from,themselves,itself,morphology,anaphor_agreement,anaphor_number_agreement,True,True,False,True,697,NA,NA
698,The Lutherans had scared themselves.,The Lutherans had scared itself.,The Lutherans had scared,themselves,itself,morphology,anaphor_agreement,anaphor_number_agreement,True,True,False,True,698,NA,NA
699,A lot of girls weren't shocking themselves.,A lot of girls weren't shocking herself.,A lot of girls weren't shocking,themselves,herself,morphology,anaphor_agreement,anaphor_number_agreement,True,True,False,True,699,NA,NA
700,All adults thought about themselves.,All adults thought about himself.,All adults thought about,themselves,himself,morphology,anaphor_agreement,anaphor_number_agreement,True,True,False,True,700,NA,NA
701,This dancer shouldn't aggravate herself.,This dancer shouldn't aggravate themselves.,This dancer shouldn't aggravate,herself,themselves,morphology,anaphor_agreement,anaphor_number_agreement,True,True,False,True,701,NA,NA
702,Most doctors are hurting themselves.,Most doctors are hurting itself.,Most doctors are hurting,themselves,itself,morphology,anaphor_agreement,anaphor_number_agreement,True,True,False,True,702,NA,NA
703,The drivers hadn't returned to themselves.,The drivers hadn't returned to herself.,The drivers hadn't returned to,themselves,herself,morphology,anaphor_agreement,anaphor_number_agreement,True,True,False,True,703,NA,NA
704,Nicole should complain about herself.,Nicole should complain about themselves.,Nicole should complain about,herself,themselves,morphology,anaphor_agreement,anaphor_number_agreement,True,True,False,True,704,NA,NA
705,Heather remembered herself.,Heather remembered themselves.,Heather remembered,herself,themselves,morphology,anaphor_agreement,anaphor_number_agreement,True,True,False,True,705,NA,NA
706,The school bothers itself.,The school bothers themselves.,The school bothers,itself,themselves,morphology,anaphor_agreement,anaphor_number_agreement,True,True,False,True,706,NA,NA
707,The guy distracted himself.,The guy distracted themselves.,The guy distracted,himself,themselves,morphology,anaphor_agreement,anaphor_number_agreement,True,True,False,True,707,NA,NA
708,Walter stunned himself.,Walter stunned themselves.,Walter stunned,himself,themselves,morphology,anaphor_agreement,anaphor_number_agreement,True,True,False,True,708,NA,NA
709,Some guy returned to himself.,Some guy returned to themselves.,Some guy returned to,himself,themselves,morphology,anaphor_agreement,anaphor_number_agreement,True,True,False,True,709,NA,NA
710,Tonya helped herself.,Tonya helped themselves.,Tonya helped,herself,themselves,morphology,anaphor_agreement,anaphor_number_agreement,True,True,False,True,710,NA,NA
711,Michael was hiding himself.,Michael was hiding themselves.,Michael was hiding,himself,themselves,morphology,anaphor_agreement,anaphor_number_agreement,True,True,False,True,711,NA,NA
712,Many ladies conceal themselves.,Many ladies conceal herself.,Many ladies conceal,themselves,herself,morphology,anaphor_agreement,anaphor_number_agreement,True,True,False,True,712,NA,NA
713,Some cashiers talk about themselves.,Some cashiers talk about himself.,Some cashiers talk about,themselves,himself,morphology,anaphor_agreement,anaphor_number_agreement,True,True,False,True,713,NA,NA
714,All actors will dislike themselves.,All actors will dislike itself.,All actors will dislike,themselves,itself,morphology,anaphor_agreement,anaphor_number_agreement,True,True,False,True,714,NA,NA
715,Margaret healed herself.,Margaret healed themselves.,Margaret healed,herself,themselves,morphology,anaphor_agreement,anaphor_number_agreement,True,True,False,True,715,NA,NA
716,Most cashiers have distracted themselves.,Most cashiers have distracted himself.,Most cashiers have distracted,themselves,himself,morphology,anaphor_agreement,anaphor_number_agreement,True,True,False,True,716,NA,NA
717,Adults worked with themselves.,Adults worked with itself.,Adults worked with,themselves,itself,morphology,anaphor_agreement,anaphor_number_agreement,True,True,False,True,717,NA,NA
718,Rose doesn't reveal herself.,Rose doesn't reveal themselves.,Rose doesn't reveal,herself,themselves,morphology,anaphor_agreement,anaphor_number_agreement,True,True,False,True,718,NA,NA
719,Kendra impressed herself.,Kendra impressed themselves.,Kendra impressed,herself,themselves,morphology,anaphor_agreement,anaphor_number_agreement,True,True,False,True,719,NA,NA
720,Melissa will approach herself.,Melissa will approach themselves.,Melissa will approach,herself,themselves,morphology,anaphor_agreement,anaphor_number_agreement,True,True,False,True,720,NA,NA
721,Those cashiers had sounded like themselves.,Those cashiers had sounded like himself.,Those cashiers had sounded like,themselves,himself,morphology,anaphor_agreement,anaphor_number_agreement,True,True,False,True,721,NA,NA
722,The teenagers annoyed themselves.,The teenagers annoyed herself.,The teenagers annoyed,themselves,herself,morphology,anaphor_agreement,anaphor_number_agreement,True,True,False,True,722,NA,NA
723,Most guys were hiding themselves.,Most guys were hiding himself.,Most guys were hiding,themselves,himself,morphology,anaphor_agreement,anaphor_number_agreement,True,True,False,True,723,NA,NA
724,Many actors haven't listened to themselves.,Many actors haven't listened to himself.,Many actors haven't listened to,themselves,himself,morphology,anaphor_agreement,anaphor_number_agreement,True,True,False,True,724,NA,NA
725,Most pedestrians might observe themselves.,Most pedestrians might observe itself.,Most pedestrians might observe,themselves,itself,morphology,anaphor_agreement,anaphor_number_agreement,True,True,False,True,725,NA,NA
726,Craig wasn't attacking himself.,Craig wasn't attacking themselves.,Craig wasn't attacking,himself,themselves,morphology,anaphor_agreement,anaphor_number_agreement,True,True,False,True,726,NA,NA
727,Becca has embarrassed herself.,Becca has embarrassed themselves.,Becca has embarrassed,herself,themselves,morphology,anaphor_agreement,anaphor_number_agreement,True,True,False,True,727,NA,NA
728,Some guests conceal themselves.,Some guests conceal himself.,Some guests conceal,themselves,himself,morphology,anaphor_agreement,anaphor_number_agreement,True,True,False,True,728,NA,NA
729,Tina remembered herself.,Tina remembered themselves.,Tina remembered,herself,themselves,morphology,anaphor_agreement,anaphor_number_agreement,True,True,False,True,729,NA,NA
730,Thomas couldn't investigate himself.,Thomas couldn't investigate themselves.,Thomas couldn't investigate,himself,themselves,morphology,anaphor_agreement,anaphor_number_agreement,True,True,False,True,730,NA,NA
731,Waiters impressed themselves.,Waiters impressed itself.,Waiters impressed,themselves,itself,morphology,anaphor_agreement,anaphor_number_agreement,True,True,False,True,731,NA,NA
732,The Lutherans found themselves.,The Lutherans found itself.,The Lutherans found,themselves,itself,morphology,anaphor_agreement,anaphor_number_agreement,True,True,False,True,732,NA,NA
733,Kristen shouldn't heal herself.,Kristen shouldn't heal themselves.,Kristen shouldn't heal,herself,themselves,morphology,anaphor_agreement,anaphor_number_agreement,True,True,False,True,733,NA,NA
734,The Borgias hadn't listened to themselves.,The Borgias hadn't listened to itself.,The Borgias hadn't listened to,themselves,itself,morphology,anaphor_agreement,anaphor_number_agreement,True,True,False,True,734,NA,NA
735,Dana astounded herself.,Dana astounded themselves.,Dana astounded,herself,themselves,morphology,anaphor_agreement,anaphor_number_agreement,True,True,False,True,735,NA,NA
736,All people loved themselves.,All people loved itself.,All people loved,themselves,itself,morphology,anaphor_agreement,anaphor_number_agreement,True,True,False,True,736,NA,NA
737,Some guests have fired themselves.,Some guests have fired herself.,Some guests have fired,themselves,herself,morphology,anaphor_agreement,anaphor_number_agreement,True,True,False,True,737,NA,NA
738,Elizabeth hadn't worried herself.,Elizabeth hadn't worried themselves.,Elizabeth hadn't worried,herself,themselves,morphology,anaphor_agreement,anaphor_number_agreement,True,True,False,True,738,NA,NA
739,Most pedestrians have kissed themselves.,Most pedestrians have kissed herself.,Most pedestrians have kissed,themselves,herself,morphology,anaphor_agreement,anaphor_number_agreement,True,True,False,True,739,NA,NA
740,These banks aggravate themselves.,These banks aggravate itself.,These banks aggravate,themselves,itself,morphology,anaphor_agreement,anaphor_number_agreement,True,True,False,True,740,NA,NA
741,The Clintons impressed themselves.,The Clintons impressed itself.,The Clintons impressed,themselves,itself,morphology,anaphor_agreement,anaphor_number_agreement,True,True,False,True,741,NA,NA
742,Claire wasn't talking to herself.,Claire wasn't talking to themselves.,Claire wasn't talking to,herself,themselves,morphology,anaphor_agreement,anaphor_number_agreement,True,True,False,True,742,NA,NA
743,Many cashiers hadn't worked with themselves.,Many cashiers hadn't worked with herself.,Many cashiers hadn't worked with,themselves,herself,morphology,anaphor_agreement,anaphor_number_agreement,True,True,False,True,743,NA,NA
744,Alicia concealed herself.,Alicia concealed themselves.,Alicia concealed,herself,themselves,morphology,anaphor_agreement,anaphor_number_agreement,True,True,False,True,744,NA,NA
745,Bradley isn't talking about himself.,Bradley isn't talking about themselves.,Bradley isn't talking about,himself,themselves,morphology,anaphor_agreement,anaphor_number_agreement,True,True,False,True,745,NA,NA
746,Steven has hurt himself.,Steven has hurt themselves.,Steven has hurt,himself,themselves,morphology,anaphor_agreement,anaphor_number_agreement,True,True,False,True,746,NA,NA
747,Many men are impressing themselves.,Many men are impressing himself.,Many men are impressing,themselves,himself,morphology,anaphor_agreement,anaphor_number_agreement,True,True,False,True,747,NA,NA
748,Many boys were healing themselves.,Many boys were healing himself.,Many boys were healing,themselves,himself,morphology,anaphor_agreement,anaphor_number_agreement,True,True,False,True,748,NA,NA
749,Jessica is scaring herself.,Jessica is scaring themselves.,Jessica is scaring,herself,themselves,morphology,anaphor_agreement,anaphor_number_agreement,True,True,False,True,749,NA,NA
750,Carol does worry herself.,Carol does worry themselves.,Carol does worry,herself,themselves,morphology,anaphor_agreement,anaphor_number_agreement,True,True,False,True,750,NA,NA
751,Dennis would watch himself.,Dennis would watch themselves.,Dennis would watch,himself,themselves,morphology,anaphor_agreement,anaphor_number_agreement,True,True,False,True,751,NA,NA
752,Samuel had concealed himself.,Samuel had concealed themselves.,Samuel had concealed,himself,themselves,morphology,anaphor_agreement,anaphor_number_agreement,True,True,False,True,752,NA,NA
753,Most senators healed themselves.,Most senators healed itself.,Most senators healed,themselves,itself,morphology,anaphor_agreement,anaphor_number_agreement,True,True,False,True,753,NA,NA
754,A lot of girls could observe themselves.,A lot of girls could observe herself.,A lot of girls could observe,themselves,herself,morphology,anaphor_agreement,anaphor_number_agreement,True,True,False,True,754,NA,NA
755,Gerald hasn't astounded himself.,Gerald hasn't astounded themselves.,Gerald hasn't astounded,himself,themselves,morphology,anaphor_agreement,anaphor_number_agreement,True,True,False,True,755,NA,NA
756,Elizabeth shouldn't remember herself.,Elizabeth shouldn't remember themselves.,Elizabeth shouldn't remember,herself,themselves,morphology,anaphor_agreement,anaphor_number_agreement,True,True,False,True,756,NA,NA
757,Steve insulted himself.,Steve insulted themselves.,Steve insulted,himself,themselves,morphology,anaphor_agreement,anaphor_number_agreement,True,True,False,True,757,NA,NA
758,Laurie was hiding herself.,Laurie was hiding themselves.,Laurie was hiding,herself,themselves,morphology,anaphor_agreement,anaphor_number_agreement,True,True,False,True,758,NA,NA
759,The Lutherans distracted themselves.,The Lutherans distracted herself.,The Lutherans distracted,themselves,herself,morphology,anaphor_agreement,anaphor_number_agreement,True,True,False,True,759,NA,NA
760,Regina was upsetting herself.,Regina was upsetting themselves.,Regina was upsetting,herself,themselves,morphology,anaphor_agreement,anaphor_number_agreement,True,True,False,True,760,NA,NA
761,Jacqueline disgusted herself.,Jacqueline disgusted themselves.,Jacqueline disgusted,herself,themselves,morphology,anaphor_agreement,anaphor_number_agreement,True,True,False,True,761,NA,NA
762,Carolyn was concealing herself.,Carolyn was concealing themselves.,Carolyn was concealing,herself,themselves,morphology,anaphor_agreement,anaphor_number_agreement,True,True,False,True,762,NA,NA
763,Senators haven't embarrassed themselves.,Senators haven't embarrassed itself.,Senators haven't embarrassed,themselves,itself,morphology,anaphor_agreement,anaphor_number_agreement,True,True,False,True,763,NA,NA
764,Richard disgusted himself.,Richard disgusted themselves.,Richard disgusted,himself,themselves,morphology,anaphor_agreement,anaphor_number_agreement,True,True,False,True,764,NA,NA
765,Kenneth had embarrassed himself.,Kenneth had embarrassed themselves.,Kenneth had embarrassed,himself,themselves,morphology,anaphor_agreement,anaphor_number_agreement,True,True,False,True,765,NA,NA
766,Most girls conceal themselves.,Most girls conceal herself.,Most girls conceal,themselves,herself,morphology,anaphor_agreement,anaphor_number_agreement,True,True,False,True,766,NA,NA
767,Paula watched herself.,Paula watched themselves.,Paula watched,herself,themselves,morphology,anaphor_agreement,anaphor_number_agreement,True,True,False,True,767,NA,NA
768,The Impressionists escape from themselves.,The Impressionists escape from itself.,The Impressionists escape from,themselves,itself,morphology,anaphor_agreement,anaphor_number_agreement,True,True,False,True,768,NA,NA
769,The actresses notice themselves.,The actresses notice himself.,The actresses notice,themselves,himself,morphology,anaphor_agreement,anaphor_number_agreement,True,True,False,True,769,NA,NA
770,Sharon wasn't disgusting herself.,Sharon wasn't disgusting themselves.,Sharon wasn't disgusting,herself,themselves,morphology,anaphor_agreement,anaphor_number_agreement,True,True,False,True,770,NA,NA
771,This company aggravates itself.,This company aggravates themselves.,This company aggravates,itself,themselves,morphology,anaphor_agreement,anaphor_number_agreement,True,True,False,True,771,NA,NA
772,The fish found themselves.,The fish found himself.,The fish found,themselves,himself,morphology,anaphor_agreement,anaphor_number_agreement,True,True,False,True,772,NA,NA
773,Teenagers hadn't complained about themselves.,Teenagers hadn't complained about itself.,Teenagers hadn't complained about,themselves,itself,morphology,anaphor_agreement,anaphor_number_agreement,True,True,False,True,773,NA,NA
774,Bill is discovering himself.,Bill is discovering themselves.,Bill is discovering,himself,themselves,morphology,anaphor_agreement,anaphor_number_agreement,True,True,False,True,774,NA,NA
775,Most guys criticize themselves.,Most guys criticize itself.,Most guys criticize,themselves,itself,morphology,anaphor_agreement,anaphor_number_agreement,True,True,False,True,775,NA,NA
776,A lot of cashiers aren't working with themselves.,A lot of cashiers aren't working with himself.,A lot of cashiers aren't working with,themselves,himself,morphology,anaphor_agreement,anaphor_number_agreement,True,True,False,True,776,NA,NA
777,Charles couldn't hate himself.,Charles couldn't hate themselves.,Charles couldn't hate,himself,themselves,morphology,anaphor_agreement,anaphor_number_agreement,True,True,False,True,777,NA,NA
778,Joseph hasn't disturbed himself.,Joseph hasn't disturbed themselves.,Joseph hasn't disturbed,himself,themselves,morphology,anaphor_agreement,anaphor_number_agreement,True,True,False,True,778,NA,NA
779,Senators might talk about themselves.,Senators might talk about itself.,Senators might talk about,themselves,itself,morphology,anaphor_agreement,anaphor_number_agreement,True,True,False,True,779,NA,NA
780,Laura hasn't hugged herself.,Laura hasn't hugged themselves.,Laura hasn't hugged,herself,themselves,morphology,anaphor_agreement,anaphor_number_agreement,True,True,False,True,780,NA,NA
781,The teenagers think about themselves.,The teenagers think about herself.,The teenagers think about,themselves,herself,morphology,anaphor_agreement,anaphor_number_agreement,True,True,False,True,781,NA,NA
782,Carlos hasn't referenced himself.,Carlos hasn't referenced themselves.,Carlos hasn't referenced,himself,themselves,morphology,anaphor_agreement,anaphor_number_agreement,True,True,False,True,782,NA,NA
783,Steven had returned to himself.,Steven had returned to themselves.,Steven had returned to,himself,themselves,morphology,anaphor_agreement,anaphor_number_agreement,True,True,False,True,783,NA,NA
784,A lot of waiters were listening to themselves.,A lot of waiters were listening to herself.,A lot of waiters were listening to,themselves,herself,morphology,anaphor_agreement,anaphor_number_agreement,True,True,False,True,784,NA,NA
785,Steve is helping himself.,Steve is helping themselves.,Steve is helping,himself,themselves,morphology,anaphor_agreement,anaphor_number_agreement,True,True,False,True,785,NA,NA
786,Colleen will aggravate herself.,Colleen will aggravate themselves.,Colleen will aggravate,herself,themselves,morphology,anaphor_agreement,anaphor_number_agreement,True,True,False,True,786,NA,NA
787,Noah shouldn't argue about himself.,Noah shouldn't argue about themselves.,Noah shouldn't argue about,himself,themselves,morphology,anaphor_agreement,anaphor_number_agreement,True,True,False,True,787,NA,NA
788,Travis won't approach himself.,Travis won't approach themselves.,Travis won't approach,himself,themselves,morphology,anaphor_agreement,anaphor_number_agreement,True,True,False,True,788,NA,NA
789,Candice hadn't thought about herself.,Candice hadn't thought about themselves.,Candice hadn't thought about,herself,themselves,morphology,anaphor_agreement,anaphor_number_agreement,True,True,False,True,789,NA,NA
790,Every waitress boasted about herself.,Every waitress boasted about themselves.,Every waitress boasted about,herself,themselves,morphology,anaphor_agreement,anaphor_number_agreement,True,True,False,True,790,NA,NA
791,Guests concealed themselves.,Guests concealed herself.,Guests concealed,themselves,herself,morphology,anaphor_agreement,anaphor_number_agreement,True,True,False,True,791,NA,NA
792,Melissa had bored herself.,Melissa had bored themselves.,Melissa had bored,herself,themselves,morphology,anaphor_agreement,anaphor_number_agreement,True,True,False,True,792,NA,NA
793,Meredith hasn't revealed herself.,Meredith hasn't revealed themselves.,Meredith hasn't revealed,herself,themselves,morphology,anaphor_agreement,anaphor_number_agreement,True,True,False,True,793,NA,NA
794,The actors were observing themselves.,The actors were observing herself.,The actors were observing,themselves,herself,morphology,anaphor_agreement,anaphor_number_agreement,True,True,False,True,794,NA,NA
795,Many teenagers haven't forgotten themselves.,Many teenagers haven't forgotten herself.,Many teenagers haven't forgotten,themselves,herself,morphology,anaphor_agreement,anaphor_number_agreement,True,True,False,True,795,NA,NA
796,Those museums are stunning themselves.,Those museums are stunning himself.,Those museums are stunning,themselves,himself,morphology,anaphor_agreement,anaphor_number_agreement,True,True,False,True,796,NA,NA
797,Most girls didn't aggravate themselves.,Most girls didn't aggravate himself.,Most girls didn't aggravate,themselves,himself,morphology,anaphor_agreement,anaphor_number_agreement,True,True,False,True,797,NA,NA
798,Kevin wasn't disturbing himself.,Kevin wasn't disturbing themselves.,Kevin wasn't disturbing,himself,themselves,morphology,anaphor_agreement,anaphor_number_agreement,True,True,False,True,798,NA,NA
799,Most patients have investigated themselves.,Most patients have investigated itself.,Most patients have investigated,themselves,itself,morphology,anaphor_agreement,anaphor_number_agreement,True,True,False,True,799,NA,NA
800,Gina didn't see herself.,Gina didn't see themselves.,Gina didn't see,herself,themselves,morphology,anaphor_agreement,anaphor_number_agreement,True,True,False,True,800,NA,NA
801,The man praised himself.,The man praised themselves.,The man praised,himself,themselves,morphology,anaphor_agreement,anaphor_number_agreement,True,True,False,True,801,NA,NA
802,Rachelle hasn't healed herself.,Rachelle hasn't healed themselves.,Rachelle hasn't healed,herself,themselves,morphology,anaphor_agreement,anaphor_number_agreement,True,True,False,True,802,NA,NA
803,Carolyn approached herself.,Carolyn approached themselves.,Carolyn approached,herself,themselves,morphology,anaphor_agreement,anaphor_number_agreement,True,True,False,True,803,NA,NA
804,Gary was scaring himself.,Gary was scaring themselves.,Gary was scaring,himself,themselves,morphology,anaphor_agreement,anaphor_number_agreement,True,True,False,True,804,NA,NA
805,The Borgias were admiring themselves.,The Borgias were admiring herself.,The Borgias were admiring,themselves,herself,morphology,anaphor_agreement,anaphor_number_agreement,True,True,False,True,805,NA,NA
806,People can't approach themselves.,People can't approach himself.,People can't approach,themselves,himself,morphology,anaphor_agreement,anaphor_number_agreement,True,True,False,True,806,NA,NA
807,Those people should remember themselves.,Those people should remember herself.,Those people should remember,themselves,herself,morphology,anaphor_agreement,anaphor_number_agreement,True,True,False,True,807,NA,NA
808,Most women weren't helping themselves.,Most women weren't helping itself.,Most women weren't helping,themselves,itself,morphology,anaphor_agreement,anaphor_number_agreement,True,True,False,True,808,NA,NA
809,Most actors hug themselves.,Most actors hug herself.,Most actors hug,themselves,herself,morphology,anaphor_agreement,anaphor_number_agreement,True,True,False,True,809,NA,NA
810,The Clintons couldn't conceal themselves.,The Clintons couldn't conceal himself.,The Clintons couldn't conceal,themselves,himself,morphology,anaphor_agreement,anaphor_number_agreement,True,True,False,True,810,NA,NA
811,All banks had upset themselves.,All banks had upset himself.,All banks had upset,themselves,himself,morphology,anaphor_agreement,anaphor_number_agreement,True,True,False,True,811,NA,NA
812,Kimberley had cured herself.,Kimberley had cured themselves.,Kimberley had cured,herself,themselves,morphology,anaphor_agreement,anaphor_number_agreement,True,True,False,True,812,NA,NA
813,David is questioning himself.,David is questioning themselves.,David is questioning,himself,themselves,morphology,anaphor_agreement,anaphor_number_agreement,True,True,False,True,813,NA,NA
814,Most waitresses wouldn't sound like themselves.,Most waitresses wouldn't sound like himself.,Most waitresses wouldn't sound like,themselves,himself,morphology,anaphor_agreement,anaphor_number_agreement,True,True,False,True,814,NA,NA
815,Renee bothered herself.,Renee bothered themselves.,Renee bothered,herself,themselves,morphology,anaphor_agreement,anaphor_number_agreement,True,True,False,True,815,NA,NA
816,Homer fired himself.,Homer fired themselves.,Homer fired,himself,themselves,morphology,anaphor_agreement,anaphor_number_agreement,True,True,False,True,816,NA,NA
817,The Impressionists haven't found themselves.,The Impressionists haven't found himself.,The Impressionists haven't found,themselves,himself,morphology,anaphor_agreement,anaphor_number_agreement,True,True,False,True,817,NA,NA
818,Andrea didn't dislike herself.,Andrea didn't dislike themselves.,Andrea didn't dislike,herself,themselves,morphology,anaphor_agreement,anaphor_number_agreement,True,True,False,True,818,NA,NA
819,Girls kiss themselves.,Girls kiss himself.,Girls kiss,themselves,himself,morphology,anaphor_agreement,anaphor_number_agreement,True,True,False,True,819,NA,NA
820,These organizations stunned themselves.,These organizations stunned himself.,These organizations stunned,themselves,himself,morphology,anaphor_agreement,anaphor_number_agreement,True,True,False,True,820,NA,NA
821,Rebecca hired herself.,Rebecca hired themselves.,Rebecca hired,herself,themselves,morphology,anaphor_agreement,anaphor_number_agreement,True,True,False,True,821,NA,NA
822,Patrick approached himself.,Patrick approached themselves.,Patrick approached,himself,themselves,morphology,anaphor_agreement,anaphor_number_agreement,True,True,False,True,822,NA,NA
823,Mark hasn't referenced himself.,Mark hasn't referenced themselves.,Mark hasn't referenced,himself,themselves,morphology,anaphor_agreement,anaphor_number_agreement,True,True,False,True,823,NA,NA
824,Many adults have hired themselves.,Many adults have hired herself.,Many adults have hired,themselves,herself,morphology,anaphor_agreement,anaphor_number_agreement,True,True,False,True,824,NA,NA
825,A lot of people escaped from themselves.,A lot of people escaped from itself.,A lot of people escaped from,themselves,itself,morphology,anaphor_agreement,anaphor_number_agreement,True,True,False,True,825,NA,NA
826,Some students shouldn't remember themselves.,Some students shouldn't remember herself.,Some students shouldn't remember,themselves,herself,morphology,anaphor_agreement,anaphor_number_agreement,True,True,False,True,826,NA,NA
827,Those students listen to themselves.,Those students listen to herself.,Those students listen to,themselves,herself,morphology,anaphor_agreement,anaphor_number_agreement,True,True,False,True,827,NA,NA
828,Stephanie will hurt herself.,Stephanie will hurt themselves.,Stephanie will hurt,herself,themselves,morphology,anaphor_agreement,anaphor_number_agreement,True,True,False,True,828,NA,NA
829,Sherry does observe herself.,Sherry does observe themselves.,Sherry does observe,herself,themselves,morphology,anaphor_agreement,anaphor_number_agreement,True,True,False,True,829,NA,NA
830,Kenneth questioned himself.,Kenneth questioned themselves.,Kenneth questioned,himself,themselves,morphology,anaphor_agreement,anaphor_number_agreement,True,True,False,True,830,NA,NA
831,April sounded like herself.,April sounded like themselves.,April sounded like,herself,themselves,morphology,anaphor_agreement,anaphor_number_agreement,True,True,False,True,831,NA,NA
832,Tara hasn't cured herself.,Tara hasn't cured themselves.,Tara hasn't cured,herself,themselves,morphology,anaphor_agreement,anaphor_number_agreement,True,True,False,True,832,NA,NA
833,Sherry is hiring herself.,Sherry is hiring themselves.,Sherry is hiring,herself,themselves,morphology,anaphor_agreement,anaphor_number_agreement,True,True,False,True,833,NA,NA
834,The boy cured himself.,The boy cured themselves.,The boy cured,himself,themselves,morphology,anaphor_agreement,anaphor_number_agreement,True,True,False,True,834,NA,NA
835,Rose loved herself.,Rose loved themselves.,Rose loved,herself,themselves,morphology,anaphor_agreement,anaphor_number_agreement,True,True,False,True,835,NA,NA
836,Nina wasn't leaving herself.,Nina wasn't leaving themselves.,Nina wasn't leaving,herself,themselves,morphology,anaphor_agreement,anaphor_number_agreement,True,True,False,True,836,NA,NA
837,Susan escaped from herself.,Susan escaped from themselves.,Susan escaped from,herself,themselves,morphology,anaphor_agreement,anaphor_number_agreement,True,True,False,True,837,NA,NA
838,Those students visit themselves.,Those students visit himself.,Those students visit,themselves,himself,morphology,anaphor_agreement,anaphor_number_agreement,True,True,False,True,838,NA,NA
839,These ladies weren't leaving themselves.,These ladies weren't leaving himself.,These ladies weren't leaving,themselves,himself,morphology,anaphor_agreement,anaphor_number_agreement,True,True,False,True,839,NA,NA
840,Mitchell can't cure himself.,Mitchell can't cure themselves.,Mitchell can't cure,himself,themselves,morphology,anaphor_agreement,anaphor_number_agreement,True,True,False,True,840,NA,NA
841,The man is firing himself.,The man is firing themselves.,The man is firing,himself,themselves,morphology,anaphor_agreement,anaphor_number_agreement,True,True,False,True,841,NA,NA
842,The girl is kissing herself.,The girl is kissing themselves.,The girl is kissing,herself,themselves,morphology,anaphor_agreement,anaphor_number_agreement,True,True,False,True,842,NA,NA
843,Steve scared himself.,Steve scared themselves.,Steve scared,himself,themselves,morphology,anaphor_agreement,anaphor_number_agreement,True,True,False,True,843,NA,NA
844,Tamara has stunned herself.,Tamara has stunned themselves.,Tamara has stunned,herself,themselves,morphology,anaphor_agreement,anaphor_number_agreement,True,True,False,True,844,NA,NA
845,Florence left herself.,Florence left themselves.,Florence left,herself,themselves,morphology,anaphor_agreement,anaphor_number_agreement,True,True,False,True,845,NA,NA
846,Some teenagers had disgusted themselves.,Some teenagers had disgusted himself.,Some teenagers had disgusted,themselves,himself,morphology,anaphor_agreement,anaphor_number_agreement,True,True,False,True,846,NA,NA
847,Mark can't find himself.,Mark can't find themselves.,Mark can't find,himself,themselves,morphology,anaphor_agreement,anaphor_number_agreement,True,True,False,True,847,NA,NA
848,Edward hadn't discovered himself.,Edward hadn't discovered themselves.,Edward hadn't discovered,himself,themselves,morphology,anaphor_agreement,anaphor_number_agreement,True,True,False,True,848,NA,NA
849,Some teachers can't love themselves.,Some teachers can't love himself.,Some teachers can't love,themselves,himself,morphology,anaphor_agreement,anaphor_number_agreement,True,True,False,True,849,NA,NA
850,Doctors could annoy themselves.,Doctors could annoy herself.,Doctors could annoy,themselves,herself,morphology,anaphor_agreement,anaphor_number_agreement,True,True,False,True,850,NA,NA
851,Women concealed themselves.,Women concealed herself.,Women concealed,themselves,herself,morphology,anaphor_agreement,anaphor_number_agreement,True,True,False,True,851,NA,NA
852,Lisa was concealing herself.,Lisa was concealing themselves.,Lisa was concealing,herself,themselves,morphology,anaphor_agreement,anaphor_number_agreement,True,True,False,True,852,NA,NA
853,These girls had respected themselves.,These girls had respected himself.,These girls had respected,themselves,himself,morphology,anaphor_agreement,anaphor_number_agreement,True,True,False,True,853,NA,NA
854,A lot of associations shock themselves.,A lot of associations shock herself.,A lot of associations shock,themselves,herself,morphology,anaphor_agreement,anaphor_number_agreement,True,True,False,True,854,NA,NA
855,Brett is astounding himself.,Brett is astounding themselves.,Brett is astounding,himself,themselves,morphology,anaphor_agreement,anaphor_number_agreement,True,True,False,True,855,NA,NA
856,Claire disliked herself.,Claire disliked themselves.,Claire disliked,herself,themselves,morphology,anaphor_agreement,anaphor_number_agreement,True,True,False,True,856,NA,NA
857,Many waiters were listening to themselves.,Many waiters were listening to herself.,Many waiters were listening to,themselves,herself,morphology,anaphor_agreement,anaphor_number_agreement,True,True,False,True,857,NA,NA
858,Aaron escaped from himself.,Aaron escaped from themselves.,Aaron escaped from,himself,themselves,morphology,anaphor_agreement,anaphor_number_agreement,True,True,False,True,858,NA,NA
859,Rachelle hasn't known herself.,Rachelle hasn't known themselves.,Rachelle hasn't known,herself,themselves,morphology,anaphor_agreement,anaphor_number_agreement,True,True,False,True,859,NA,NA
860,Jessica will fire herself.,Jessica will fire themselves.,Jessica will fire,herself,themselves,morphology,anaphor_agreement,anaphor_number_agreement,True,True,False,True,860,NA,NA
861,Amelia will flee from herself.,Amelia will flee from themselves.,Amelia will flee from,herself,themselves,morphology,anaphor_agreement,anaphor_number_agreement,True,True,False,True,861,NA,NA
862,The Clintons disagreed with themselves.,The Clintons disagreed with herself.,The Clintons disagreed with,themselves,herself,morphology,anaphor_agreement,anaphor_number_agreement,True,True,False,True,862,NA,NA
863,Joseph isn't shocking himself.,Joseph isn't shocking themselves.,Joseph isn't shocking,himself,themselves,morphology,anaphor_agreement,anaphor_number_agreement,True,True,False,True,863,NA,NA
864,The Impressionists don't question themselves.,The Impressionists don't question itself.,The Impressionists don't question,themselves,itself,morphology,anaphor_agreement,anaphor_number_agreement,True,True,False,True,864,NA,NA
865,The Clintons wouldn't kiss themselves.,The Clintons wouldn't kiss itself.,The Clintons wouldn't kiss,themselves,itself,morphology,anaphor_agreement,anaphor_number_agreement,True,True,False,True,865,NA,NA
866,Many students aren't aggravating themselves.,Many students aren't aggravating itself.,Many students aren't aggravating,themselves,itself,morphology,anaphor_agreement,anaphor_number_agreement,True,True,False,True,866,NA,NA
867,All drivers are attacking themselves.,All drivers are attacking himself.,All drivers are attacking,themselves,himself,morphology,anaphor_agreement,anaphor_number_agreement,True,True,False,True,867,NA,NA
868,Students had approached themselves.,Students had approached herself.,Students had approached,themselves,herself,morphology,anaphor_agreement,anaphor_number_agreement,True,True,False,True,868,NA,NA
869,Mitchell has insulted himself.,Mitchell has insulted themselves.,Mitchell has insulted,himself,themselves,morphology,anaphor_agreement,anaphor_number_agreement,True,True,False,True,869,NA,NA
870,Sheila is boasting about herself.,Sheila is boasting about themselves.,Sheila is boasting about,herself,themselves,morphology,anaphor_agreement,anaphor_number_agreement,True,True,False,True,870,NA,NA
871,The doctors are observing themselves.,The doctors are observing herself.,The doctors are observing,themselves,herself,morphology,anaphor_agreement,anaphor_number_agreement,True,True,False,True,871,NA,NA
872,Suzanne has alarmed herself.,Suzanne has alarmed themselves.,Suzanne has alarmed,herself,themselves,morphology,anaphor_agreement,anaphor_number_agreement,True,True,False,True,872,NA,NA
873,Stephen has helped himself.,Stephen has helped themselves.,Stephen has helped,himself,themselves,morphology,anaphor_agreement,anaphor_number_agreement,True,True,False,True,873,NA,NA
874,Most doctors weren't observing themselves.,Most doctors weren't observing himself.,Most doctors weren't observing,themselves,himself,morphology,anaphor_agreement,anaphor_number_agreement,True,True,False,True,874,NA,NA
875,David couldn't scare himself.,David couldn't scare themselves.,David couldn't scare,himself,themselves,morphology,anaphor_agreement,anaphor_number_agreement,True,True,False,True,875,NA,NA
876,Many children escape from themselves.,Many children escape from herself.,Many children escape from,themselves,herself,morphology,anaphor_agreement,anaphor_number_agreement,True,True,False,True,876,NA,NA
877,Many customers wouldn't bother themselves.,Many customers wouldn't bother himself.,Many customers wouldn't bother,themselves,himself,morphology,anaphor_agreement,anaphor_number_agreement,True,True,False,True,877,NA,NA
878,That hospital upsets itself.,That hospital upsets themselves.,That hospital upsets,itself,themselves,morphology,anaphor_agreement,anaphor_number_agreement,True,True,False,True,878,NA,NA
879,Guy described himself.,Guy described themselves.,Guy described,himself,themselves,morphology,anaphor_agreement,anaphor_number_agreement,True,True,False,True,879,NA,NA
880,Carol scared herself.,Carol scared themselves.,Carol scared,herself,themselves,morphology,anaphor_agreement,anaphor_number_agreement,True,True,False,True,880,NA,NA
881,Susan wasn't watching herself.,Susan wasn't watching themselves.,Susan wasn't watching,herself,themselves,morphology,anaphor_agreement,anaphor_number_agreement,True,True,False,True,881,NA,NA
882,These children wouldn't admire themselves.,These children wouldn't admire herself.,These children wouldn't admire,themselves,herself,morphology,anaphor_agreement,anaphor_number_agreement,True,True,False,True,882,NA,NA
883,Many banks confused themselves.,Many banks confused herself.,Many banks confused,themselves,herself,morphology,anaphor_agreement,anaphor_number_agreement,True,True,False,True,883,NA,NA
884,Patricia disliked herself.,Patricia disliked themselves.,Patricia disliked,herself,themselves,morphology,anaphor_agreement,anaphor_number_agreement,True,True,False,True,884,NA,NA
885,Those students complained about themselves.,Those students complained about himself.,Those students complained about,themselves,himself,morphology,anaphor_agreement,anaphor_number_agreement,True,True,False,True,885,NA,NA
886,The Lutherans can't admire themselves.,The Lutherans can't admire himself.,The Lutherans can't admire,themselves,himself,morphology,anaphor_agreement,anaphor_number_agreement,True,True,False,True,886,NA,NA
887,Children returned to themselves.,Children returned to himself.,Children returned to,themselves,himself,morphology,anaphor_agreement,anaphor_number_agreement,True,True,False,True,887,NA,NA
888,A lot of teachers had talked about themselves.,A lot of teachers had talked about herself.,A lot of teachers had talked about,themselves,herself,morphology,anaphor_agreement,anaphor_number_agreement,True,True,False,True,888,NA,NA
889,Janet had hired herself.,Janet had hired themselves.,Janet had hired,herself,themselves,morphology,anaphor_agreement,anaphor_number_agreement,True,True,False,True,889,NA,NA
890,Many senators investigate themselves.,Many senators investigate himself.,Many senators investigate,themselves,himself,morphology,anaphor_agreement,anaphor_number_agreement,True,True,False,True,890,NA,NA
891,Some guys might annoy themselves.,Some guys might annoy himself.,Some guys might annoy,themselves,himself,morphology,anaphor_agreement,anaphor_number_agreement,True,True,False,True,891,NA,NA
892,These guests praise themselves.,These guests praise himself.,These guests praise,themselves,himself,morphology,anaphor_agreement,anaphor_number_agreement,True,True,False,True,892,NA,NA
893,All actresses aren't firing themselves.,All actresses aren't firing himself.,All actresses aren't firing,themselves,himself,morphology,anaphor_agreement,anaphor_number_agreement,True,True,False,True,893,NA,NA
894,A lot of pedestrians won't forget themselves.,A lot of pedestrians won't forget itself.,A lot of pedestrians won't forget,themselves,itself,morphology,anaphor_agreement,anaphor_number_agreement,True,True,False,True,894,NA,NA
895,Sarah wasn't approaching herself.,Sarah wasn't approaching themselves.,Sarah wasn't approaching,herself,themselves,morphology,anaphor_agreement,anaphor_number_agreement,True,True,False,True,895,NA,NA
896,Guy talked to himself.,Guy talked to themselves.,Guy talked to,himself,themselves,morphology,anaphor_agreement,anaphor_number_agreement,True,True,False,True,896,NA,NA
897,William hasn't hurt himself.,William hasn't hurt themselves.,William hasn't hurt,himself,themselves,morphology,anaphor_agreement,anaphor_number_agreement,True,True,False,True,897,NA,NA
898,Actors hadn't concealed themselves.,Actors hadn't concealed itself.,Actors hadn't concealed,themselves,itself,morphology,anaphor_agreement,anaphor_number_agreement,True,True,False,True,898,NA,NA
899,Customers don't respect themselves.,Customers don't respect himself.,Customers don't respect,themselves,himself,morphology,anaphor_agreement,anaphor_number_agreement,True,True,False,True,899,NA,NA
900,Some children can visit themselves.,Some children can visit himself.,Some children can visit,themselves,himself,morphology,anaphor_agreement,anaphor_number_agreement,True,True,False,True,900,NA,NA
901,Many cashiers have questioned themselves.,Many cashiers have questioned herself.,Many cashiers have questioned,themselves,herself,morphology,anaphor_agreement,anaphor_number_agreement,True,True,False,True,901,NA,NA
902,All senators haven't impressed themselves.,All senators haven't impressed itself.,All senators haven't impressed,themselves,itself,morphology,anaphor_agreement,anaphor_number_agreement,True,True,False,True,902,NA,NA
903,Dana investigated herself.,Dana investigated themselves.,Dana investigated,herself,themselves,morphology,anaphor_agreement,anaphor_number_agreement,True,True,False,True,903,NA,NA
904,Lisa couldn't flee from herself.,Lisa couldn't flee from themselves.,Lisa couldn't flee from,herself,themselves,morphology,anaphor_agreement,anaphor_number_agreement,True,True,False,True,904,NA,NA
905,April isn't noticing herself.,April isn't noticing themselves.,April isn't noticing,herself,themselves,morphology,anaphor_agreement,anaphor_number_agreement,True,True,False,True,905,NA,NA
906,Many schools irritated themselves.,Many schools irritated itself.,Many schools irritated,themselves,itself,morphology,anaphor_agreement,anaphor_number_agreement,True,True,False,True,906,NA,NA
907,Emily had distracted herself.,Emily had distracted themselves.,Emily had distracted,herself,themselves,morphology,anaphor_agreement,anaphor_number_agreement,True,True,False,True,907,NA,NA
908,Deborah criticized herself.,Deborah criticized themselves.,Deborah criticized,herself,themselves,morphology,anaphor_agreement,anaphor_number_agreement,True,True,False,True,908,NA,NA
909,These adults have disgusted themselves.,These adults have disgusted himself.,These adults have disgusted,themselves,himself,morphology,anaphor_agreement,anaphor_number_agreement,True,True,False,True,909,NA,NA
910,Deborah wasn't helping herself.,Deborah wasn't helping themselves.,Deborah wasn't helping,herself,themselves,morphology,anaphor_agreement,anaphor_number_agreement,True,True,False,True,910,NA,NA
911,Tonya thought about herself.,Tonya thought about themselves.,Tonya thought about,herself,themselves,morphology,anaphor_agreement,anaphor_number_agreement,True,True,False,True,911,NA,NA
912,Those cashiers hadn't kissed themselves.,Those cashiers hadn't kissed itself.,Those cashiers hadn't kissed,themselves,itself,morphology,anaphor_agreement,anaphor_number_agreement,True,True,False,True,912,NA,NA
913,Ann could think about herself.,Ann could think about themselves.,Ann could think about,herself,themselves,morphology,anaphor_agreement,anaphor_number_agreement,True,True,False,True,913,NA,NA
914,Children can't escape from themselves.,Children can't escape from herself.,Children can't escape from,themselves,herself,morphology,anaphor_agreement,anaphor_number_agreement,True,True,False,True,914,NA,NA
915,Katherine shocked herself.,Katherine shocked themselves.,Katherine shocked,herself,themselves,morphology,anaphor_agreement,anaphor_number_agreement,True,True,False,True,915,NA,NA
916,Those guys approach themselves.,Those guys approach herself.,Those guys approach,themselves,herself,morphology,anaphor_agreement,anaphor_number_agreement,True,True,False,True,916,NA,NA
917,A hospital aggravates itself.,A hospital aggravates themselves.,A hospital aggravates,itself,themselves,morphology,anaphor_agreement,anaphor_number_agreement,True,True,False,True,917,NA,NA
918,Some women aren't helping themselves.,Some women aren't helping herself.,Some women aren't helping,themselves,herself,morphology,anaphor_agreement,anaphor_number_agreement,True,True,False,True,918,NA,NA
919,Susan hugged herself.,Susan hugged themselves.,Susan hugged,herself,themselves,morphology,anaphor_agreement,anaphor_number_agreement,True,True,False,True,919,NA,NA
920,The Clintons alarmed themselves.,The Clintons alarmed herself.,The Clintons alarmed,themselves,herself,morphology,anaphor_agreement,anaphor_number_agreement,True,True,False,True,920,NA,NA
921,Many adults cured themselves.,Many adults cured herself.,Many adults cured,themselves,herself,morphology,anaphor_agreement,anaphor_number_agreement,True,True,False,True,921,NA,NA
922,The ladies bore themselves.,The ladies bore herself.,The ladies bore,themselves,herself,morphology,anaphor_agreement,anaphor_number_agreement,True,True,False,True,922,NA,NA
923,Gerald had concealed himself.,Gerald had concealed themselves.,Gerald had concealed,himself,themselves,morphology,anaphor_agreement,anaphor_number_agreement,True,True,False,True,923,NA,NA
924,Amy had watched herself.,Amy had watched themselves.,Amy had watched,herself,themselves,morphology,anaphor_agreement,anaphor_number_agreement,True,True,False,True,924,NA,NA
925,Bill should shock himself.,Bill should shock themselves.,Bill should shock,himself,themselves,morphology,anaphor_agreement,anaphor_number_agreement,True,True,False,True,925,NA,NA
926,Sandra respected herself.,Sandra respected themselves.,Sandra respected,herself,themselves,morphology,anaphor_agreement,anaphor_number_agreement,True,True,False,True,926,NA,NA
927,Melanie isn't talking about herself.,Melanie isn't talking about themselves.,Melanie isn't talking about,herself,themselves,morphology,anaphor_agreement,anaphor_number_agreement,True,True,False,True,927,NA,NA
928,The Impressionists aren't criticizing themselves.,The Impressionists aren't criticizing herself.,The Impressionists aren't criticizing,themselves,herself,morphology,anaphor_agreement,anaphor_number_agreement,True,True,False,True,928,NA,NA
929,Waiters were escaping from themselves.,Waiters were escaping from itself.,Waiters were escaping from,themselves,itself,morphology,anaphor_agreement,anaphor_number_agreement,True,True,False,True,929,NA,NA
930,Some guests astound themselves.,Some guests astound itself.,Some guests astound,themselves,itself,morphology,anaphor_agreement,anaphor_number_agreement,True,True,False,True,930,NA,NA
931,Marcus saw himself.,Marcus saw themselves.,Marcus saw,himself,themselves,morphology,anaphor_agreement,anaphor_number_agreement,True,True,False,True,931,NA,NA
932,Robert talked about himself.,Robert talked about themselves.,Robert talked about,himself,themselves,morphology,anaphor_agreement,anaphor_number_agreement,True,True,False,True,932,NA,NA
933,All girls forgot themselves.,All girls forgot himself.,All girls forgot,themselves,himself,morphology,anaphor_agreement,anaphor_number_agreement,True,True,False,True,933,NA,NA
934,These ladies aren't shocking themselves.,These ladies aren't shocking himself.,These ladies aren't shocking,themselves,himself,morphology,anaphor_agreement,anaphor_number_agreement,True,True,False,True,934,NA,NA
935,April has cared for herself.,April has cared for themselves.,April has cared for,herself,themselves,morphology,anaphor_agreement,anaphor_number_agreement,True,True,False,True,935,NA,NA
936,Carolyn shouldn't hire herself.,Carolyn shouldn't hire themselves.,Carolyn shouldn't hire,herself,themselves,morphology,anaphor_agreement,anaphor_number_agreement,True,True,False,True,936,NA,NA
937,Ellen knew herself.,Ellen knew themselves.,Ellen knew,herself,themselves,morphology,anaphor_agreement,anaphor_number_agreement,True,True,False,True,937,NA,NA
938,Some girls help themselves.,Some girls help himself.,Some girls help,themselves,himself,morphology,anaphor_agreement,anaphor_number_agreement,True,True,False,True,938,NA,NA
939,The boys weren't referencing themselves.,The boys weren't referencing himself.,The boys weren't referencing,themselves,himself,morphology,anaphor_agreement,anaphor_number_agreement,True,True,False,True,939,NA,NA
940,Donald does cure himself.,Donald does cure themselves.,Donald does cure,himself,themselves,morphology,anaphor_agreement,anaphor_number_agreement,True,True,False,True,940,NA,NA
941,Robert has worried himself.,Robert has worried themselves.,Robert has worried,himself,themselves,morphology,anaphor_agreement,anaphor_number_agreement,True,True,False,True,941,NA,NA
942,Many waitresses attacked themselves.,Many waitresses attacked itself.,Many waitresses attacked,themselves,itself,morphology,anaphor_agreement,anaphor_number_agreement,True,True,False,True,942,NA,NA
943,Children appreciate themselves.,Children appreciate himself.,Children appreciate,themselves,himself,morphology,anaphor_agreement,anaphor_number_agreement,True,True,False,True,943,NA,NA
944,Benjamin had argued about himself.,Benjamin had argued about themselves.,Benjamin had argued about,himself,themselves,morphology,anaphor_agreement,anaphor_number_agreement,True,True,False,True,944,NA,NA
945,Most guests won't flee from themselves.,Most guests won't flee from himself.,Most guests won't flee from,themselves,himself,morphology,anaphor_agreement,anaphor_number_agreement,True,True,False,True,945,NA,NA
946,Most dancers distract themselves.,Most dancers distract himself.,Most dancers distract,themselves,himself,morphology,anaphor_agreement,anaphor_number_agreement,True,True,False,True,946,NA,NA
947,The Borgias haven't approached themselves.,The Borgias haven't approached herself.,The Borgias haven't approached,themselves,herself,morphology,anaphor_agreement,anaphor_number_agreement,True,True,False,True,947,NA,NA
948,Those pedestrians aren't healing themselves.,Those pedestrians aren't healing herself.,Those pedestrians aren't healing,themselves,herself,morphology,anaphor_agreement,anaphor_number_agreement,True,True,False,True,948,NA,NA
949,Boys hurt themselves.,Boys hurt herself.,Boys hurt,themselves,herself,morphology,anaphor_agreement,anaphor_number_agreement,True,True,False,True,949,NA,NA
950,Douglas hasn't bothered himself.,Douglas hasn't bothered themselves.,Douglas hasn't bothered,himself,themselves,morphology,anaphor_agreement,anaphor_number_agreement,True,True,False,True,950,NA,NA
951,These women observed themselves.,These women observed herself.,These women observed,themselves,herself,morphology,anaphor_agreement,anaphor_number_agreement,True,True,False,True,951,NA,NA
952,Cheryl hasn't criticized herself.,Cheryl hasn't criticized themselves.,Cheryl hasn't criticized,herself,themselves,morphology,anaphor_agreement,anaphor_number_agreement,True,True,False,True,952,NA,NA
953,Sara shocked herself.,Sara shocked themselves.,Sara shocked,herself,themselves,morphology,anaphor_agreement,anaphor_number_agreement,True,True,False,True,953,NA,NA
954,Maria thought about herself.,Maria thought about themselves.,Maria thought about,herself,themselves,morphology,anaphor_agreement,anaphor_number_agreement,True,True,False,True,954,NA,NA
955,Donald respected himself.,Donald respected themselves.,Donald respected,himself,themselves,morphology,anaphor_agreement,anaphor_number_agreement,True,True,False,True,955,NA,NA
956,All actors aren't noticing themselves.,All actors aren't noticing herself.,All actors aren't noticing,themselves,herself,morphology,anaphor_agreement,anaphor_number_agreement,True,True,False,True,956,NA,NA
957,Most pedestrians had irritated themselves.,Most pedestrians had irritated himself.,Most pedestrians had irritated,themselves,himself,morphology,anaphor_agreement,anaphor_number_agreement,True,True,False,True,957,NA,NA
958,Jessica watched herself.,Jessica watched themselves.,Jessica watched,herself,themselves,morphology,anaphor_agreement,anaphor_number_agreement,True,True,False,True,958,NA,NA
959,All actresses couldn't reveal themselves.,All actresses couldn't reveal herself.,All actresses couldn't reveal,themselves,herself,morphology,anaphor_agreement,anaphor_number_agreement,True,True,False,True,959,NA,NA
960,Every organization aggravates itself.,Every organization aggravates themselves.,Every organization aggravates,itself,themselves,morphology,anaphor_agreement,anaphor_number_agreement,True,True,False,True,960,NA,NA
961,The Borgias are admiring themselves.,The Borgias are admiring itself.,The Borgias are admiring,themselves,itself,morphology,anaphor_agreement,anaphor_number_agreement,True,True,False,True,961,NA,NA
962,John stunned himself.,John stunned themselves.,John stunned,himself,themselves,morphology,anaphor_agreement,anaphor_number_agreement,True,True,False,True,962,NA,NA
963,Irene wasn't concealing herself.,Irene wasn't concealing themselves.,Irene wasn't concealing,herself,themselves,morphology,anaphor_agreement,anaphor_number_agreement,True,True,False,True,963,NA,NA
964,The governments hadn't alarmed themselves.,The governments hadn't alarmed itself.,The governments hadn't alarmed,themselves,itself,morphology,anaphor_agreement,anaphor_number_agreement,True,True,False,True,964,NA,NA
965,Many waitresses were scaring themselves.,Many waitresses were scaring itself.,Many waitresses were scaring,themselves,itself,morphology,anaphor_agreement,anaphor_number_agreement,True,True,False,True,965,NA,NA
966,A story disagreed with itself.,A story disagreed with themselves.,A story disagreed with,itself,themselves,morphology,anaphor_agreement,anaphor_number_agreement,True,True,False,True,966,NA,NA
967,Craig will annoy himself.,Craig will annoy themselves.,Craig will annoy,himself,themselves,morphology,anaphor_agreement,anaphor_number_agreement,True,True,False,True,967,NA,NA
968,Martha shocked herself.,Martha shocked themselves.,Martha shocked,herself,themselves,morphology,anaphor_agreement,anaphor_number_agreement,True,True,False,True,968,NA,NA
969,Tara wasn't describing herself.,Tara wasn't describing themselves.,Tara wasn't describing,herself,themselves,morphology,anaphor_agreement,anaphor_number_agreement,True,True,False,True,969,NA,NA
970,The teachers disturb themselves.,The teachers disturb himself.,The teachers disturb,themselves,himself,morphology,anaphor_agreement,anaphor_number_agreement,True,True,False,True,970,NA,NA
971,Some ladies disagree with themselves.,Some ladies disagree with himself.,Some ladies disagree with,themselves,himself,morphology,anaphor_agreement,anaphor_number_agreement,True,True,False,True,971,NA,NA
972,Most adults didn't help themselves.,Most adults didn't help himself.,Most adults didn't help,themselves,himself,morphology,anaphor_agreement,anaphor_number_agreement,True,True,False,True,972,NA,NA
973,Some people are talking about themselves.,Some people are talking about itself.,Some people are talking about,themselves,itself,morphology,anaphor_agreement,anaphor_number_agreement,True,True,False,True,973,NA,NA
974,Alicia can heal herself.,Alicia can heal themselves.,Alicia can heal,herself,themselves,morphology,anaphor_agreement,anaphor_number_agreement,True,True,False,True,974,NA,NA
975,Alan escaped from himself.,Alan escaped from themselves.,Alan escaped from,himself,themselves,morphology,anaphor_agreement,anaphor_number_agreement,True,True,False,True,975,NA,NA
976,Raymond fled from himself.,Raymond fled from themselves.,Raymond fled from,himself,themselves,morphology,anaphor_agreement,anaphor_number_agreement,True,True,False,True,976,NA,NA
977,Benjamin doesn't distract himself.,Benjamin doesn't distract themselves.,Benjamin doesn't distract,himself,themselves,morphology,anaphor_agreement,anaphor_number_agreement,True,True,False,True,977,NA,NA
978,Most pedestrians didn't visit themselves.,Most pedestrians didn't visit itself.,Most pedestrians didn't visit,themselves,itself,morphology,anaphor_agreement,anaphor_number_agreement,True,True,False,True,978,NA,NA
979,Melanie hasn't visited herself.,Melanie hasn't visited themselves.,Melanie hasn't visited,herself,themselves,morphology,anaphor_agreement,anaphor_number_agreement,True,True,False,True,979,NA,NA
980,Ella shouldn't listen to herself.,Ella shouldn't listen to themselves.,Ella shouldn't listen to,herself,themselves,morphology,anaphor_agreement,anaphor_number_agreement,True,True,False,True,980,NA,NA
981,Most pedestrians hadn't disgusted themselves.,Most pedestrians hadn't disgusted himself.,Most pedestrians hadn't disgusted,themselves,himself,morphology,anaphor_agreement,anaphor_number_agreement,True,True,False,True,981,NA,NA
982,The dancers were attacking themselves.,The dancers were attacking himself.,The dancers were attacking,themselves,himself,morphology,anaphor_agreement,anaphor_number_agreement,True,True,False,True,982,NA,NA
983,Ronald hurt himself.,Ronald hurt themselves.,Ronald hurt,himself,themselves,morphology,anaphor_agreement,anaphor_number_agreement,True,True,False,True,983,NA,NA
984,The waiters couldn't reveal themselves.,The waiters couldn't reveal herself.,The waiters couldn't reveal,themselves,herself,morphology,anaphor_agreement,anaphor_number_agreement,True,True,False,True,984,NA,NA
985,Lisa did find herself.,Lisa did find themselves.,Lisa did find,herself,themselves,morphology,anaphor_agreement,anaphor_number_agreement,True,True,False,True,985,NA,NA
986,Christina can't respect herself.,Christina can't respect themselves.,Christina can't respect,herself,themselves,morphology,anaphor_agreement,anaphor_number_agreement,True,True,False,True,986,NA,NA
987,Donald hadn't kissed himself.,Donald hadn't kissed themselves.,Donald hadn't kissed,himself,themselves,morphology,anaphor_agreement,anaphor_number_agreement,True,True,False,True,987,NA,NA
988,Heidi isn't questioning herself.,Heidi isn't questioning themselves.,Heidi isn't questioning,herself,themselves,morphology,anaphor_agreement,anaphor_number_agreement,True,True,False,True,988,NA,NA
989,Those boys wouldn't heal themselves.,Those boys wouldn't heal itself.,Those boys wouldn't heal,themselves,itself,morphology,anaphor_agreement,anaphor_number_agreement,True,True,False,True,989,NA,NA
990,Paul isn't stunning himself.,Paul isn't stunning themselves.,Paul isn't stunning,himself,themselves,morphology,anaphor_agreement,anaphor_number_agreement,True,True,False,True,990,NA,NA
991,George had bothered himself.,George had bothered themselves.,George had bothered,himself,themselves,morphology,anaphor_agreement,anaphor_number_agreement,True,True,False,True,991,NA,NA
992,Those patients did disgust themselves.,Those patients did disgust himself.,Those patients did disgust,themselves,himself,morphology,anaphor_agreement,anaphor_number_agreement,True,True,False,True,992,NA,NA
993,The Lutherans couldn't visit themselves.,The Lutherans couldn't visit itself.,The Lutherans couldn't visit,themselves,itself,morphology,anaphor_agreement,anaphor_number_agreement,True,True,False,True,993,NA,NA
994,Some customers shouldn't hire themselves.,Some customers shouldn't hire himself.,Some customers shouldn't hire,themselves,himself,morphology,anaphor_agreement,anaphor_number_agreement,True,True,False,True,994,NA,NA
995,Those guys cured themselves.,Those guys cured itself.,Those guys cured,themselves,itself,morphology,anaphor_agreement,anaphor_number_agreement,True,True,False,True,995,NA,NA
996,Tara wasn't referencing herself.,Tara wasn't referencing themselves.,Tara wasn't referencing,herself,themselves,morphology,anaphor_agreement,anaphor_number_agreement,True,True,False,True,996,NA,NA
997,Most students attacked themselves.,Most students attacked itself.,Most students attacked,themselves,itself,morphology,anaphor_agreement,anaphor_number_agreement,True,True,False,True,997,NA,NA
998,A lot of actors upset themselves.,A lot of actors upset herself.,A lot of actors upset,themselves,herself,morphology,anaphor_agreement,anaphor_number_agreement,True,True,False,True,998,NA,NA
999,Keith could respect himself.,Keith could respect themselves.,Keith could respect,himself,themselves,morphology,anaphor_agreement,anaphor_number_agreement,True,True,False,True,999,NA,NA
